handle,title,message_text_sample,localities_detected,tehran_quote,herat_quote,sulaymaniyah_quote,erbil_quote,baghdad_quote,iraq_quote,dubai_quote,istanbul_quote,hamburg_quote,berlin_quote,germany_quote,london_quote,frankfurt_quote,inferred_unit,normalized_irr_values,buy_quote,sell_quote,midpoint,freshness_indicator,parseability_score,quote_density_score,source_type,timestamp_iso,locality_name,normalized_rate_irr,quote_basis,quote_currency_guess
istanbulexchange_com,نرخ لحظه‌ای دلار، لیر، یورو کاپالی چارشی استانبول,"نرخ ارز در بازار استانبول با لیر 🇹🇷 چهارشنبه ۲۶ فروردین ۱۴۰۵ ساعت ۱۲:۳۱ ترکیه نام ارز فروش خرید دلار 44,743 44,675 یورو 52,637 52,452 یورو با دلار 1.176 1.174 درهم 12,207 12,116 پوند 60,559 60,173 یوان 6,539 6,516 دلار کانادا 32,659 32,002 ...",Istanbul|Turkey,,,,,,,,1643186.68,,,,,,toman,"{""Istanbul"": 1643186.68}",44743,44743,44743.00,fresh,90,100,regional_market_channel,2026-04-15T09:31:06+00:00,Istanbul,1643186.675,midpoint,AED
istanbulexchange_com,نرخ لحظه‌ای دلار، لیر، یورو کاپالی چارشی استانبول,"نرخ ارز در بازار استانبول با لیر 🇹🇷 چهارشنبه ۲۶ فروردین ۱۴۰۵ ساعت ۱۵:۳۰ ترکیه نام ارز فروش خرید دلار 44,785 44,682 یورو 52,688 52,460 یورو با دلار 1.177 1.174 درهم 12,219 12,118 پوند 60,608 60,173 یوان 6,545 6,517 دلار کانادا 32,690 32,007 ...",Istanbul|Turkey,,,,,,,,1644729.12,,,,,,toman,"{""Istanbul"": 1644729.12}",44785,44785,44785.00,fresh,90,100,regional_market_channel,2026-04-15T12:30:50+00:00,Istanbul,1644729.125,midpoint,AED
istanbulexchange_com,نرخ لحظه‌ای دلار، لیر، یورو کاپالی چارشی استانبول,"نرخ ارز در بازار استانبول با لیر 🇹🇷 چهارشنبه ۲۶ فروردین ۱۴۰۵ ساعت ۱۲:۳۱ ترکیه نام ارز فروش خرید دلار 44,743 44,675 یورو 52,637 52,452 یورو با دلار 1.176 1.174 درهم 12,207 12,116 پوند 60,559 60,173 یوان 6,539 6,516 دلار کانادا 32,659 32,002 ...",Istanbul|Turkey,,,,,,,,1643186.68,,,,,,toman,"{""Istanbul"": 1643186.68, ""Turkey"": 1643186.68}",44743,44743,44743.00,fresh,90,100,regional_market_channel,2026-04-15T09:31:06+00:00,Turkey,1643186.675,midpoint,AED
istanbulexchange_com,نرخ لحظه‌ای دلار، لیر، یورو کاپالی چارشی استانبول,"نرخ ارز در بازار استانبول با لیر 🇹🇷 چهارشنبه ۲۶ فروردین ۱۴۰۵ ساعت ۱۵:۳۰ ترکیه نام ارز فروش خرید دلار 44,785 44,682 یورو 52,688 52,460 یورو با دلار 1.177 1.174 درهم 12,219 12,118 پوند 60,608 60,173 یوان 6,545 6,517 دلار کانادا 32,690 32,007 ...",Istanbul|Turkey,,,,,,,,1644729.12,,,,,,toman,"{""Istanbul"": 1644729.12, ""Turkey"": 1644729.12}",44785,44785,44785.00,fresh,90,100,regional_market_channel,2026-04-15T12:30:50+00:00,Turkey,1644729.125,midpoint,AED
navasanchannel,نوسان - اعلان لحظه ای نرخ ارز و سکه,"💵 دلار آمریکا فروش 🔴 : 154,700 تومان 💵 دلار آمریکا خرید 🔵 : 154,300 تومان 💶 یورو فروش : 182,150 تومان دلار کانادا فروش 🇨🇦 : 114,270 تومان درهم امارات 🇦🇪 : 42,520 تومان سکه امامی ✴️ : 188,000,000 تومان سکه بهار آزادی ✴️ : 178,000,000 تومان ن...",Frankfurt,,,,,,,,,,,,,1547000.00,toman,"{""Frankfurt"": 1547000.0}",154700,154700,154700.00,fresh,85,100,regional_market_channel,2026-04-15T14:27:44+00:00,Frankfurt,1547000.0,midpoint,USD
navasanchannel,نوسان - اعلان لحظه ای نرخ ارز و سکه,"💵 دلار آمریکا فروش 🔴 : 154,500 تومان 💵 دلار آمریکا خرید 🔵 : 154,100 تومان 💶 یورو فروش : 181,910 تومان دلار کانادا فروش 🇨🇦 : 114,140 تومان درهم امارات 🇦🇪 : 42,470 تومان سکه امامی ✴️ : 188,000,000 تومان سکه بهار آزادی ✴️ : 178,000,000 تومان ن...",Frankfurt,,,,,,,,,,,,,1545000.00,toman,"{""Frankfurt"": 1545000.0}",154500,154500,154500.00,fresh,85,100,regional_market_channel,2026-04-15T14:57:45+00:00,Frankfurt,1545000.0,midpoint,USD
navasanchannel,نوسان - اعلان لحظه ای نرخ ارز و سکه,"💵 دلار آمریکا فروش 🔴 : 154,500 تومان 💵 دلار آمریکا خرید 🔵 : 154,100 تومان 💶 یورو فروش : 181,910 تومان دلار کانادا فروش 🇨🇦 : 113,980 تومان درهم امارات 🇦🇪 : 42,410 تومان سکه امامی ✴️ : 188,000,000 تومان سکه بهار آزادی ✴️ : 178,000,000 تومان ن...",Frankfurt,,,,,,,,,,,,,1545000.00,toman,"{""Frankfurt"": 1545000.0}",154500,154500,154500.00,fresh,85,100,regional_market_channel,2026-04-15T16:27:47+00:00,Frankfurt,1545000.0,midpoint,USD
navasanchannel,نوسان - اعلان لحظه ای نرخ ارز و سکه,"💵 دلار آمریکا فروش 🔴 : 154,500 تومان 💵 دلار آمریکا خرید 🔵 : 154,100 تومان 💶 یورو فروش : 182,280 تومان دلار کانادا فروش 🇨🇦 : 113,980 تومان درهم امارات 🇦🇪 : 42,410 تومان سکه امامی ✴️ : 188,000,000 تومان سکه بهار آزادی ✴️ : 178,000,000 تومان ن...",Frankfurt,,,,,,,,,,,,,1545000.00,toman,"{""Frankfurt"": 1545000.0}",154500,154500,154500.00,fresh,85,100,regional_market_channel,2026-04-15T16:42:47+00:00,Frankfurt,1545000.0,midpoint,USD
navasanchannel,نوسان - اعلان لحظه ای نرخ ارز و سکه,"💵 دلار آمریکا فروش 🔴 : 154,200 تومان 💵 دلار آمریکا خرید 🔵 : 153,800 تومان 💶 یورو فروش : 181,930 تومان دلار کانادا فروش 🇨🇦 : 113,930 تومان درهم امارات 🇦🇪 : 42,390 تومان سکه امامی ✴️ : 188,000,000 تومان سکه بهار آزادی ✴️ : 178,000,000 تومان ن...",Frankfurt,,,,,,,,,,,,,1542000.00,toman,"{""Frankfurt"": 1542000.0}",154200,154200,154200.00,fresh,85,100,regional_market_channel,2026-04-15T16:57:47+00:00,Frankfurt,1542000.0,midpoint,USD
navasanchannel,نوسان - اعلان لحظه ای نرخ ارز و سکه,"💵 دلار آمریکا فروش 🔴 : 154,200 تومان 💵 دلار آمریکا خرید 🔵 : 153,800 تومان 💶 یورو فروش : 181,930 تومان دلار کانادا فروش 🇨🇦 : 113,760 تومان درهم امارات 🇦🇪 : 42,330 تومان سکه امامی ✴️ : 188,000,000 تومان سکه بهار آزادی ✴️ : 178,000,000 تومان ن...",Frankfurt,,,,,,,,,,,,,1542000.00,toman,"{""Frankfurt"": 1542000.0}",154200,154200,154200.00,fresh,85,100,regional_market_channel,2026-04-15T17:12:48+00:00,Frankfurt,1542000.0,midpoint,USD
afsharsarafi,AfshaRex | صرافی افشار,حواله آنلاین دلار استراليا پانزدهم اپریل ۲۰۲۶ - بیست و ششم فروردین ۱۴۰۵ خرید (انتقال به ایران): حواله کمتر از ۳ هزار دلار: ۹۹،۰۰۰ تومان حواله بیشتر از ۳ هزار دلار: ۱۰۰،۰۰۰ تومان فروش (انتقال به استرالیا): تماس بگیرید. و یا در تلگرام با لینک...,Frankfurt,,,,,,,,,,,,,1000000.00,toman,"{""Frankfurt"": 1000000.0}",,100000,,fresh,81,100,exchange_shop,2026-04-15T00:03:20+00:00,Frankfurt,1000000.0,sell,USD
afsharsarafi,AfshaRex | صرافی افشار,حواله آنلاین دلار استراليا چهاردهم اپریل ۲۰۲۶ - بیست و پنجم فروردین ۱۴۰۵ خرید (انتقال به ایران): حواله کمتر از ۳ هزار دلار: ۱۰۰،۰۰۰ تومان حواله بیشتر از ۳ هزار دلار: ۱۰۱،۰۰۰ تومان فروش (انتقال به استرالیا): تماس بگیرید. و یا در تلگرام با لی...,Frankfurt,,,,,,,,,,,,,1010000.00,toman,"{""Frankfurt"": 1010000.0}",,101000,,recent,77,100,exchange_shop,2026-04-14T00:33:18+00:00,Frankfurt,1010000.0,sell,USD
aghayebazar_official,آقای بازار، نرخ لحظه ای دلار، یورو، تتر، بیت کوین، ارز، سکه و طلا,"#نرخ_ارز #سکه #طلا #دلار #بیتکوین ☸️ دلار آمريکا : 1,653,700 ریال ☸️ یورو: 1,954,100 ریال ☸️ درهم آمارات: 450,470 ریال ☸️ پوند انگلیس: 2,243,000 ریال ☸️ لیر ترکیه: 37,700 ریال ☸️ فرانک سوئیس: 2,138,200 ریال ☸️ یوان چین: 241,800 ریال ☸️ ین ژ...",Turkey|UK,,,,,,,,,,,,,,rial,"{""Turkey"": 2400713.25}",,,,old,76,100,regional_market_channel,2026-02-26T14:23:03+00:00,Turkey,2400713.25,single_value,AED
aghayebazar_official,آقای بازار، نرخ لحظه ای دلار، یورو، تتر، بیت کوین، ارز، سکه و طلا,"#نرخ_ارز #سکه #طلا #دلار #بیتکوین ☸️ دلار آمريکا : 1,653,700 ریال ☸️ یورو: 1,954,100 ریال ☸️ درهم آمارات: 450,470 ریال ☸️ پوند انگلیس: 2,243,000 ریال ☸️ لیر ترکیه: 37,700 ریال ☸️ فرانک سوئیس: 2,138,200 ریال ☸️ یوان چین: 241,800 ریال ☸️ ین ژ...",Turkey|UK,,,,,,,,,,,,,,rial,"{""Turkey"": 2400713.25}",,,,old,76,100,regional_market_channel,2026-02-26T15:31:21+00:00,Turkey,2400713.25,single_value,AED
aghayebazar_official,آقای بازار، نرخ لحظه ای دلار، یورو، تتر، بیت کوین، ارز، سکه و طلا,"#نرخ_ارز #سکه #طلا #دلار #بیتکوین ☸️ دلار آمريکا : 1,653,700 ریال ☸️ یورو: 1,954,100 ریال ☸️ درهم آمارات: 450,470 ریال ☸️ پوند انگلیس: 2,243,000 ریال ☸️ لیر ترکیه: 37,700 ریال ☸️ فرانک سوئیس: 2,138,200 ریال ☸️ یوان چین: 241,800 ریال ☸️ ین ژ...",Turkey|UK,,,,,,,,,,,,,,rial,"{""Turkey"": 2400713.25}",,,,old,76,100,regional_market_channel,2026-02-26T15:31:21+00:00,Turkey,2400713.25,single_value,AED
aghayebazar_official,آقای بازار، نرخ لحظه ای دلار، یورو، تتر، بیت کوین، ارز، سکه و طلا,"#نرخ_ارز #سکه #طلا #دلار #بیتکوین ☸️ دلار آمريکا : 1,653,700 ریال ☸️ یورو: 1,954,100 ریال ☸️ درهم آمارات: 450,470 ریال ☸️ پوند انگلیس: 2,243,000 ریال ☸️ لیر ترکیه: 37,700 ریال ☸️ فرانک سوئیس: 2,138,200 ریال ☸️ یوان چین: 241,800 ریال ☸️ ین ژ...",Turkey|UK,,,,,,,,,,,,,,rial,"{""Turkey"": 2400713.25}",,,,old,76,100,regional_market_channel,2026-02-26T15:47:53+00:00,Turkey,2400713.25,single_value,AED
aghayebazar_official,آقای بازار، نرخ لحظه ای دلار، یورو، تتر، بیت کوین، ارز، سکه و طلا,"#نرخ_ارز #سکه #طلا #دلار #بیتکوین ☸️ دلار آمريکا : 1,653,700 ریال ☸️ یورو: 1,954,100 ریال ☸️ درهم آمارات: 450,470 ریال ☸️ پوند انگلیس: 2,243,000 ریال ☸️ لیر ترکیه: 37,700 ریال ☸️ فرانک سوئیس: 2,138,200 ریال ☸️ یوان چین: 241,800 ریال ☸️ ین ژ...",Turkey|UK,,,,,,,,,,,,,,rial,"{""Turkey"": 2400713.25}",,,,old,76,100,regional_market_channel,2026-02-26T16:16:09+00:00,Turkey,2400713.25,single_value,AED
aghayebazar_official,آقای بازار، نرخ لحظه ای دلار، یورو، تتر، بیت کوین، ارز، سکه و طلا,"#نرخ_ارز #سکه #طلا #دلار #بیتکوین ☸️ دلار آمريکا : 1,653,700 ریال ☸️ یورو: 1,954,100 ریال ☸️ درهم آمارات: 450,470 ریال ☸️ پوند انگلیس: 2,243,000 ریال ☸️ لیر ترکیه: 37,700 ریال ☸️ فرانک سوئیس: 2,138,200 ریال ☸️ یوان چین: 241,800 ریال ☸️ ین ژ...",Turkey|UK,,,,,,,,,,,,,,rial,"{""Turkey"": 2400713.25}",,,,old,76,100,regional_market_channel,2026-02-26T16:44:25+00:00,Turkey,2400713.25,single_value,AED
aghayebazar_official,آقای بازار، نرخ لحظه ای دلار، یورو، تتر، بیت کوین، ارز، سکه و طلا,"#نرخ_ارز #سکه #طلا #دلار #بیتکوین ☸️ دلار آمريکا : 1,653,700 ریال ☸️ یورو: 1,954,100 ریال ☸️ درهم آمارات: 450,470 ریال ☸️ پوند انگلیس: 2,243,000 ریال ☸️ لیر ترکیه: 37,700 ریال ☸️ فرانک سوئیس: 2,138,200 ریال ☸️ یوان چین: 241,800 ریال ☸️ ین ژ...",Turkey|UK,,,,,,,,,,,,,,rial,"{""Turkey"": 2400713.25}",,,,old,76,100,regional_market_channel,2026-02-26T17:12:42+00:00,Turkey,2400713.25,single_value,AED
aghayebazar_official,آقای بازار، نرخ لحظه ای دلار، یورو، تتر، بیت کوین، ارز، سکه و طلا,"#نرخ_ارز #سکه #طلا #دلار #بیتکوین ☸️ دلار آمريکا : 1,653,700 ریال ☸️ یورو: 1,954,100 ریال ☸️ درهم آمارات: 450,470 ریال ☸️ پوند انگلیس: 2,243,000 ریال ☸️ لیر ترکیه: 37,700 ریال ☸️ فرانک سوئیس: 2,138,200 ریال ☸️ یوان چین: 241,800 ریال ☸️ ین ژ...",Turkey|UK,,,,,,,,,,,,,,rial,"{""Turkey"": 2400713.25}",,,,old,76,100,regional_market_channel,2026-02-26T17:40:58+00:00,Turkey,2400713.25,single_value,AED
aghayebazar_official,آقای بازار، نرخ لحظه ای دلار، یورو، تتر، بیت کوین، ارز، سکه و طلا,"#نرخ_ارز #سکه #طلا #دلار #بیتکوین ☸️ دلار آمريکا : 1,653,700 ریال ☸️ یورو: 1,954,100 ریال ☸️ درهم آمارات: 450,470 ریال ☸️ پوند انگلیس: 2,243,000 ریال ☸️ لیر ترکیه: 37,700 ریال ☸️ فرانک سوئیس: 2,138,200 ریال ☸️ یوان چین: 241,800 ریال ☸️ ین ژ...",Turkey|UK,,,,,,,,,,,,,,rial,"{""Turkey"": 2400713.25}",,,,old,76,100,regional_market_channel,2026-02-27T05:41:38+00:00,Turkey,2400713.25,single_value,AED
aghayebazar_official,آقای بازار، نرخ لحظه ای دلار، یورو، تتر، بیت کوین، ارز، سکه و طلا,"#نرخ_ارز #سکه #طلا #دلار #بیتکوین ☸️ دلار آمريکا : 1,653,700 ریال ☸️ یورو: 1,954,100 ریال ☸️ درهم آمارات: 450,470 ریال ☸️ پوند انگلیس: 2,243,000 ریال ☸️ لیر ترکیه: 37,700 ریال ☸️ فرانک سوئیس: 2,138,200 ریال ☸️ یوان چین: 241,800 ریال ☸️ ین ژ...",Turkey|UK,,,,,,,,,,,,,,rial,"{""Turkey"": 2400713.25, ""UK"": 2400713.25}",,,,old,76,100,regional_market_channel,2026-02-26T14:23:03+00:00,UK,2400713.25,single_value,AED
aghayebazar_official,آقای بازار، نرخ لحظه ای دلار، یورو، تتر، بیت کوین، ارز، سکه و طلا,"#نرخ_ارز #سکه #طلا #دلار #بیتکوین ☸️ دلار آمريکا : 1,653,700 ریال ☸️ یورو: 1,954,100 ریال ☸️ درهم آمارات: 450,470 ریال ☸️ پوند انگلیس: 2,243,000 ریال ☸️ لیر ترکیه: 37,700 ریال ☸️ فرانک سوئیس: 2,138,200 ریال ☸️ یوان چین: 241,800 ریال ☸️ ین ژ...",Turkey|UK,,,,,,,,,,,,,,rial,"{""Turkey"": 2400713.25, ""UK"": 2400713.25}",,,,old,76,100,regional_market_channel,2026-02-26T15:31:21+00:00,UK,2400713.25,single_value,AED
aghayebazar_official,آقای بازار، نرخ لحظه ای دلار، یورو، تتر، بیت کوین، ارز، سکه و طلا,"#نرخ_ارز #سکه #طلا #دلار #بیتکوین ☸️ دلار آمريکا : 1,653,700 ریال ☸️ یورو: 1,954,100 ریال ☸️ درهم آمارات: 450,470 ریال ☸️ پوند انگلیس: 2,243,000 ریال ☸️ لیر ترکیه: 37,700 ریال ☸️ فرانک سوئیس: 2,138,200 ریال ☸️ یوان چین: 241,800 ریال ☸️ ین ژ...",Turkey|UK,,,,,,,,,,,,,,rial,"{""Turkey"": 2400713.25, ""UK"": 2400713.25}",,,,old,76,100,regional_market_channel,2026-02-26T15:31:21+00:00,UK,2400713.25,single_value,AED
aghayebazar_official,آقای بازار، نرخ لحظه ای دلار، یورو، تتر، بیت کوین، ارز، سکه و طلا,"#نرخ_ارز #سکه #طلا #دلار #بیتکوین ☸️ دلار آمريکا : 1,653,700 ریال ☸️ یورو: 1,954,100 ریال ☸️ درهم آمارات: 450,470 ریال ☸️ پوند انگلیس: 2,243,000 ریال ☸️ لیر ترکیه: 37,700 ریال ☸️ فرانک سوئیس: 2,138,200 ریال ☸️ یوان چین: 241,800 ریال ☸️ ین ژ...",Turkey|UK,,,,,,,,,,,,,,rial,"{""Turkey"": 2400713.25, ""UK"": 2400713.25}",,,,old,76,100,regional_market_channel,2026-02-26T15:47:53+00:00,UK,2400713.25,single_value,AED
aghayebazar_official,آقای بازار، نرخ لحظه ای دلار، یورو، تتر، بیت کوین، ارز، سکه و طلا,"#نرخ_ارز #سکه #طلا #دلار #بیتکوین ☸️ دلار آمريکا : 1,653,700 ریال ☸️ یورو: 1,954,100 ریال ☸️ درهم آمارات: 450,470 ریال ☸️ پوند انگلیس: 2,243,000 ریال ☸️ لیر ترکیه: 37,700 ریال ☸️ فرانک سوئیس: 2,138,200 ریال ☸️ یوان چین: 241,800 ریال ☸️ ین ژ...",Turkey|UK,,,,,,,,,,,,,,rial,"{""Turkey"": 2400713.25, ""UK"": 2400713.25}",,,,old,76,100,regional_market_channel,2026-02-26T16:16:09+00:00,UK,2400713.25,single_value,AED
aghayebazar_official,آقای بازار، نرخ لحظه ای دلار، یورو، تتر، بیت کوین، ارز، سکه و طلا,"#نرخ_ارز #سکه #طلا #دلار #بیتکوین ☸️ دلار آمريکا : 1,653,700 ریال ☸️ یورو: 1,954,100 ریال ☸️ درهم آمارات: 450,470 ریال ☸️ پوند انگلیس: 2,243,000 ریال ☸️ لیر ترکیه: 37,700 ریال ☸️ فرانک سوئیس: 2,138,200 ریال ☸️ یوان چین: 241,800 ریال ☸️ ین ژ...",Turkey|UK,,,,,,,,,,,,,,rial,"{""Turkey"": 2400713.25, ""UK"": 2400713.25}",,,,old,76,100,regional_market_channel,2026-02-26T16:44:25+00:00,UK,2400713.25,single_value,AED
aghayebazar_official,آقای بازار، نرخ لحظه ای دلار، یورو، تتر، بیت کوین، ارز، سکه و طلا,"#نرخ_ارز #سکه #طلا #دلار #بیتکوین ☸️ دلار آمريکا : 1,653,700 ریال ☸️ یورو: 1,954,100 ریال ☸️ درهم آمارات: 450,470 ریال ☸️ پوند انگلیس: 2,243,000 ریال ☸️ لیر ترکیه: 37,700 ریال ☸️ فرانک سوئیس: 2,138,200 ریال ☸️ یوان چین: 241,800 ریال ☸️ ین ژ...",Turkey|UK,,,,,,,,,,,,,,rial,"{""Turkey"": 2400713.25, ""UK"": 2400713.25}",,,,old,76,100,regional_market_channel,2026-02-26T17:12:42+00:00,UK,2400713.25,single_value,AED
aghayebazar_official,آقای بازار، نرخ لحظه ای دلار، یورو، تتر، بیت کوین، ارز، سکه و طلا,"#نرخ_ارز #سکه #طلا #دلار #بیتکوین ☸️ دلار آمريکا : 1,653,700 ریال ☸️ یورو: 1,954,100 ریال ☸️ درهم آمارات: 450,470 ریال ☸️ پوند انگلیس: 2,243,000 ریال ☸️ لیر ترکیه: 37,700 ریال ☸️ فرانک سوئیس: 2,138,200 ریال ☸️ یوان چین: 241,800 ریال ☸️ ین ژ...",Turkey|UK,,,,,,,,,,,,,,rial,"{""Turkey"": 2400713.25, ""UK"": 2400713.25}",,,,old,76,100,regional_market_channel,2026-02-26T17:40:58+00:00,UK,2400713.25,single_value,AED
aghayebazar_official,آقای بازار، نرخ لحظه ای دلار، یورو، تتر، بیت کوین، ارز، سکه و طلا,"#نرخ_ارز #سکه #طلا #دلار #بیتکوین ☸️ دلار آمريکا : 1,653,700 ریال ☸️ یورو: 1,954,100 ریال ☸️ درهم آمارات: 450,470 ریال ☸️ پوند انگلیس: 2,243,000 ریال ☸️ لیر ترکیه: 37,700 ریال ☸️ فرانک سوئیس: 2,138,200 ریال ☸️ یوان چین: 241,800 ریال ☸️ ین ژ...",Turkey|UK,,,,,,,,,,,,,,rial,"{""Turkey"": 2400713.25, ""UK"": 2400713.25}",,,,old,76,100,regional_market_channel,2026-02-27T05:41:38+00:00,UK,2400713.25,single_value,AED
iranianerbil2,ایرانیان اربیل,"صدور اقامت یکساله اربیل 🎖 🎖 اقامت یکساله اولی ها 🎖 🎖 (هزینه اداره اقامت+هزینه بیمه تندرستی+هزینه پست) 🥇 🥇 🥇 🥇 🥇 🥇 🥇 🎖 تمدیدی یکساله و شش ماهه (هزینه اداره اقامت+هزینه بیمه تندرستی+هزینه پست) 🥇 🥇 🥇 🥇 🥇 🥇 🥇 هزینه آزمایش خون نیز 85,000 دینار م...",Erbil|Iraq,,,,850000.00,,,,,,,,,,toman,"{""Erbil"": 850000.0}",,,,old,76,80,exchange_shop,2026-02-22T05:09:48+00:00,Erbil,850000.0,single_value,USD
iranianerbil2,ایرانیان اربیل,"صدور اقامت یکساله اربیل 🎖 🎖 اقامت یکساله اولی ها 🎖 🎖 (هزینه اداره اقامت+هزینه بیمه تندرستی+هزینه پست) 🥇 🥇 🥇 🥇 🥇 🥇 🥇 🎖 تمدیدی یکساله و شش ماهه (هزینه اداره اقامت+هزینه بیمه تندرستی+هزینه پست) 🥇 🥇 🥇 🥇 🥇 🥇 🥇 هزینه آزمایش خون نیز 85,000 دینار م...",Erbil|Iraq,,,,850000.00,,,,,,,,,,toman,"{""Erbil"": 850000.0}",,,,old,76,80,exchange_shop,2026-02-25T04:42:13+00:00,Erbil,850000.0,single_value,USD
iranianerbil2,ایرانیان اربیل,"صدور اقامت یکساله اربیل 🎖 🎖 اقامت یکساله اولی ها 🎖 🎖 (هزینه اداره اقامت+هزینه بیمه تندرستی+هزینه پست) 🥇 🥇 🥇 🥇 🥇 🥇 🥇 🎖 تمدیدی یکساله و شش ماهه (هزینه اداره اقامت+هزینه بیمه تندرستی+هزینه پست) 🥇 🥇 🥇 🥇 🥇 🥇 🥇 هزینه آزمایش خون نیز 85,000 دینار م...",Erbil|Iraq,,,,850000.00,,850000.00,,,,,,,,toman,"{""Erbil"": 850000.0, ""Iraq"": 850000.0}",,,,old,76,80,exchange_shop,2026-02-22T05:09:48+00:00,Iraq,850000.0,single_value,USD
iranianerbil2,ایرانیان اربیل,"صدور اقامت یکساله اربیل 🎖 🎖 اقامت یکساله اولی ها 🎖 🎖 (هزینه اداره اقامت+هزینه بیمه تندرستی+هزینه پست) 🥇 🥇 🥇 🥇 🥇 🥇 🥇 🎖 تمدیدی یکساله و شش ماهه (هزینه اداره اقامت+هزینه بیمه تندرستی+هزینه پست) 🥇 🥇 🥇 🥇 🥇 🥇 🥇 هزینه آزمایش خون نیز 85,000 دینار م...",Erbil|Iraq,,,,850000.00,,850000.00,,,,,,,,toman,"{""Erbil"": 850000.0, ""Iraq"": 850000.0}",,,,old,76,80,exchange_shop,2026-02-25T04:42:13+00:00,Iraq,850000.0,single_value,USD
poshtkhati_dollar,مظنه پشت خطی دلار,"دلار هرات فردایی ⏳ : 🔵 152,650 خریـــدار 🔴 152,750 فروشنده",Herat,,1526500.00,,,,,,,,,,,,toman,"{""Herat"": 1526500.0}",,152750,,fresh,76,100,aggregator,2026-04-15T17:49:38+00:00,Herat,1526500.0,single_value,USD
poshtkhati_dollar,مظنه پشت خطی دلار,"دلار هرات فردایی ⏳ : 🔵 152,700 خریـــدار 🔴 152,900 فروشنده",Herat,,1527000.00,,,,,,,,,,,,toman,"{""Herat"": 1527000.0}",,152900,,fresh,76,100,aggregator,2026-04-15T17:51:07+00:00,Herat,1527000.0,single_value,USD
poshtkhati_dollar,مظنه پشت خطی دلار,"دلار هرات فردایی ⏳ : 🔵 152,700 خریـــدار 🔴 152,800 فروشنده",Herat,,1527000.00,,,,,,,,,,,,toman,"{""Herat"": 1527000.0}",,152800,,fresh,76,100,aggregator,2026-04-15T17:55:31+00:00,Herat,1527000.0,single_value,USD
poshtkhati_dollar,مظنه پشت خطی دلار,"دلار هرات فردایی ⏳ : 🔵 152,800 خریـــدار 🔴 153,000 فروشنده",Herat,,1528000.00,,,,,,,,,,,,toman,"{""Herat"": 1528000.0}",,153000,,fresh,76,100,aggregator,2026-04-15T17:57:10+00:00,Herat,1528000.0,single_value,USD
poshtkhati_dollar,مظنه پشت خطی دلار,"دلار هرات فردایی ⏳ : 🔵 152,800 خریـــدار 🔴 152,900 فروشنده",Herat,,1528000.00,,,,,,,,,,,,toman,"{""Herat"": 1528000.0}",,152900,,fresh,76,100,aggregator,2026-04-15T18:19:58+00:00,Herat,1528000.0,single_value,USD
poshtkhati_dollar,مظنه پشت خطی دلار,"دلار هرات فردایی ⏳ : 🔵 152,950 خریـــدار 🔴 153,200 فروشنده",Herat,,1529500.00,,,,,,,,,,,,toman,"{""Herat"": 1529500.0}",,153200,,fresh,76,100,aggregator,2026-04-15T18:29:45+00:00,Herat,1529500.0,single_value,USD
poshtkhati_dollar,مظنه پشت خطی دلار,"دلار هرات فردایی ⏳ : 🔵 153,000 خریـــدار 🔴 153,200 فروشنده",Herat,,1530000.00,,,,,,,,,,,,toman,"{""Herat"": 1530000.0}",,153200,,fresh,76,100,aggregator,2026-04-15T18:29:50+00:00,Herat,1530000.0,single_value,USD
hiemarat,اطلاع رسانی نرخ درهم امارات و طلا دبی، نقره و تتر,"▫️ نرخ درهم صرافی دبی: 42,900 تومان 🇦🇪 ▫️ به‌روزرسانی: 2026-04-15 11:47 hiemarat.com",Dubai,,,,,,,1575502.50,,,,,,,toman,"{""Dubai"": 1575502.5}",,,,fresh,74,100,exchange_shop,2026-04-15T07:47:44+00:00,Dubai,1575502.5,single_value,AED
afsharsarafi,AfshaRex | صرافی افشار,حواله آنلاین دلار استراليا سیزدهم اپریل ۲۰۲۶ - بیست و چهارم فروردین ۱۴۰۵ خرید (انتقال به ایران): حواله کمتر از ۳ هزار دلار: ۱۰۰،۰۰۰ تومان حواله بیشتر از ۳ هزار دلار: ۱۰۱،۰۰۰ تومان فروش (انتقال به استرالیا): تماس بگیرید. و یا در تلگرام با لی...,Frankfurt,,,,,,,,,,,,,1010000.00,toman,"{""Frankfurt"": 1010000.0}",,101000,,recent,73,100,exchange_shop,2026-04-13T00:34:16+00:00,Frankfurt,1010000.0,sell,USD
exchangeratescountries,نرخ ارز ساعتی £ $ €,". ⭕️ قیمت ارزهای آزاد | چهارشنبه 26 فروردین 1405 - 11:50 🇺🇸 دلار : 1,582,900 ریال 🇪🇺 یورو : 1,865,900 ریال 🇬🇧 پوند انگلیس : 2,147,400 ریال 🇦🇪 درهم امارات : 431,160 ریال 🇹🇷 لیر ترکیه : 35,300 ریال 🇨🇭 فرانک سوئیس : 2,027,400 ریال 🇩🇰 کرون دانم...",Iraq|Turkey|UK,,,,,,2140700.25,,,,,,,,rial,"{""Iraq"": 2140700.25}",,,,fresh,69,100,regional_fx_board,2026-04-15T08:30:25+00:00,Iraq,2140700.25,single_value,AED
exchangeratescountries,نرخ ارز ساعتی £ $ €,". ⭕️ قیمت ارزهای آزاد | چهارشنبه 26 فروردین 1405 - 11:50 🇺🇸 دلار : 1,582,900 ریال 🇪🇺 یورو : 1,865,900 ریال 🇬🇧 پوند انگلیس : 2,147,400 ریال 🇦🇪 درهم امارات : 431,160 ریال 🇹🇷 لیر ترکیه : 35,300 ریال 🇨🇭 فرانک سوئیس : 2,027,400 ریال 🇩🇰 کرون دانم...",Iraq|Turkey|UK,,,,,,2140700.25,,,,,,,,rial,"{""Iraq"": 2140700.25, ""Turkey"": 2140700.25}",,,,fresh,69,100,regional_fx_board,2026-04-15T08:30:25+00:00,Turkey,2140700.25,single_value,AED
exchangeratescountries,نرخ ارز ساعتی £ $ €,". ⭕️ قیمت ارزهای آزاد | چهارشنبه 26 فروردین 1405 - 11:50 🇺🇸 دلار : 1,582,900 ریال 🇪🇺 یورو : 1,865,900 ریال 🇬🇧 پوند انگلیس : 2,147,400 ریال 🇦🇪 درهم امارات : 431,160 ریال 🇹🇷 لیر ترکیه : 35,300 ریال 🇨🇭 فرانک سوئیس : 2,027,400 ریال 🇩🇰 کرون دانم...",Iraq|Turkey|UK,,,,,,2140700.25,,,,,,,,rial,"{""Iraq"": 2140700.25, ""Turkey"": 2140700.25, ""UK"": 2140700.25}",,,,fresh,69,100,regional_fx_board,2026-04-15T08:30:25+00:00,UK,2140700.25,single_value,AED
nerkh_uk,نرخ ارز Nerkh_Uk,". ⭕️ قیمت ارزهای آزاد | چهارشنبه 26 فروردین 1405 - 11:50 🇺🇸 دلار : 1,582,900 ریال 🇪🇺 یورو : 1,865,900 ریال 🇬🇧 پوند انگلیس : 2,147,400 ریال 🇦🇪 درهم امارات : 431,160 ریال 🇹🇷 لیر ترکیه : 35,300 ریال 🇨🇭 فرانک سوئیس : 2,027,400 ریال 🇩🇰 کرون دانم...",Iraq|Turkey|UK,,,,,,2140700.25,,,,,,,,rial,"{""Iraq"": 2140700.25}",,,,fresh,69,100,regional_fx_board,2026-04-15T08:30:25+00:00,Iraq,2140700.25,single_value,AED
nerkh_uk,نرخ ارز Nerkh_Uk,". ⭕️ قیمت ارزهای آزاد | چهارشنبه 26 فروردین 1405 - 11:50 🇺🇸 دلار : 1,582,900 ریال 🇪🇺 یورو : 1,865,900 ریال 🇬🇧 پوند انگلیس : 2,147,400 ریال 🇦🇪 درهم امارات : 431,160 ریال 🇹🇷 لیر ترکیه : 35,300 ریال 🇨🇭 فرانک سوئیس : 2,027,400 ریال 🇩🇰 کرون دانم...",Iraq|Turkey|UK,,,,,,2140700.25,,,,,,,,rial,"{""Iraq"": 2140700.25, ""Turkey"": 2140700.25}",,,,fresh,69,100,regional_fx_board,2026-04-15T08:30:25+00:00,Turkey,2140700.25,single_value,AED
nerkh_uk,نرخ ارز Nerkh_Uk,". ⭕️ قیمت ارزهای آزاد | چهارشنبه 26 فروردین 1405 - 11:50 🇺🇸 دلار : 1,582,900 ریال 🇪🇺 یورو : 1,865,900 ریال 🇬🇧 پوند انگلیس : 2,147,400 ریال 🇦🇪 درهم امارات : 431,160 ریال 🇹🇷 لیر ترکیه : 35,300 ریال 🇨🇭 فرانک سوئیس : 2,027,400 ریال 🇩🇰 کرون دانم...",Iraq|Turkey|UK,,,,,,2140700.25,,,,,,,,rial,"{""Iraq"": 2140700.25, ""Turkey"": 2140700.25, ""UK"": 2140700.25}",,,,fresh,69,100,regional_fx_board,2026-04-15T08:30:25+00:00,UK,2140700.25,single_value,AED
herat_tomen,هرات تومن دالر,"هرات فردایی ⏳ : 🔵 152,500 خریـــدار 🔴 152,600 فروشنده",Herat,,1525000.00,,,,,,,,,,,,toman,"{""Herat"": 1525000.0}",,152600,,fresh,68,100,regional_market_channel,2026-04-15T17:35:46+00:00,Herat,1525000.0,single_value,USD
herat_tomen,هرات تومن دالر,"هرات فردایی ⏳ : 🔵 152,550 خریـــدار 🔴 152,600 فروشنده",Herat,,1525500.00,,,,,,,,,,,,toman,"{""Herat"": 1525500.0}",,152600,,fresh,68,100,regional_market_channel,2026-04-15T17:38:13+00:00,Herat,1525500.0,single_value,USD
herat_tomen,هرات تومن دالر,"هرات فردایی ⏳ : 🔵 152,600 خریـــدار 🔴 152,800 فروشنده",Herat,,1526000.00,,,,,,,,,,,,toman,"{""Herat"": 1526000.0}",,152800,,fresh,68,100,regional_market_channel,2026-04-15T17:47:11+00:00,Herat,1526000.0,single_value,USD
herat_tomen,هرات تومن دالر,"هرات فردایی ⏳ : 🔵 152,650 خریـــدار 🔴 152,800 فروشنده",Herat,,1526500.00,,,,,,,,,,,,toman,"{""Herat"": 1526500.0}",,152800,,fresh,68,100,regional_market_channel,2026-04-15T17:47:24+00:00,Herat,1526500.0,single_value,USD
herat_tomen,هرات تومن دالر,"هرات فردایی ⏳ : 🔵 152,650 خریـــدار 🔴 152,750 فروشنده",Herat,,1526500.00,,,,,,,,,,,,toman,"{""Herat"": 1526500.0}",,152750,,fresh,68,100,regional_market_channel,2026-04-15T17:49:42+00:00,Herat,1526500.0,single_value,USD
herat_tomen,هرات تومن دالر,"هرات فردایی ⏳ : 🔵 152,700 خریـــدار 🔴 152,900 فروشنده",Herat,,1527000.00,,,,,,,,,,,,toman,"{""Herat"": 1527000.0}",,152900,,fresh,68,100,regional_market_channel,2026-04-15T17:51:08+00:00,Herat,1527000.0,single_value,USD
herat_tomen,هرات تومن دالر,"هرات فردایی ⏳ : 🔵 152,700 خریـــدار 🔴 152,800 فروشنده",Herat,,1527000.00,,,,,,,,,,,,toman,"{""Herat"": 1527000.0}",,152800,,fresh,68,100,regional_market_channel,2026-04-15T17:55:32+00:00,Herat,1527000.0,single_value,USD
herat_tomen,هرات تومن دالر,"هرات فردایی ⏳ : 🔵 152,800 خریـــدار 🔴 153,000 فروشنده",Herat,,1528000.00,,,,,,,,,,,,toman,"{""Herat"": 1528000.0}",,153000,,fresh,68,100,regional_market_channel,2026-04-15T17:57:10+00:00,Herat,1528000.0,single_value,USD
herat_tomen,هرات تومن دالر,"هرات فردایی ⏳ : 🔵 152,800 خریـــدار 🔴 152,900 فروشنده",Herat,,1528000.00,,,,,,,,,,,,toman,"{""Herat"": 1528000.0}",,152900,,fresh,68,100,regional_market_channel,2026-04-15T18:19:59+00:00,Herat,1528000.0,single_value,USD
herat_tomen,هرات تومن دالر,"هرات فردایی ⏳ : 🔵 152,950 خریـــدار 🔴 153,200 فروشنده",Herat,,1529500.00,,,,,,,,,,,,toman,"{""Herat"": 1529500.0}",,153200,,fresh,68,100,regional_market_channel,2026-04-15T18:29:46+00:00,Herat,1529500.0,single_value,USD
herat_tomen,هرات تومن دالر,"هرات فردایی ⏳ : 🔵 153,000 خریـــدار 🔴 153,200 فروشنده",Herat,,1530000.00,,,,,,,,,,,,toman,"{""Herat"": 1530000.0}",,153200,,fresh,68,100,regional_market_channel,2026-04-15T18:29:52+00:00,Herat,1530000.0,single_value,USD
poshtkhati_dollar,مظنه پشت خطی دلار,"دلار تـهران فردایی 💸 : 🔵 154, 000 خریـــدار 🔴 154,500 فروشنده",Herat,,1545000.00,,,,,,,,,,,,toman,"{""Herat"": 1545000.0}",,154500,,fresh,68,100,aggregator,2026-04-15T18:30:00+00:00,Herat,1545000.0,sell,USD
poshtkhati_dollar,مظنه پشت خطی دلار,"تتر نــقدی (USDT) 🪙 : 🔵 153, 6 00 خریـــدار 🔴 153,800 فروشنده",Herat,,1538000.00,,,,,,,,,,,,toman,"{""Herat"": 1538000.0}",,153800,,fresh,68,100,aggregator,2026-04-15T18:30:42+00:00,Herat,1538000.0,sell,USD
dirhamdubai,نرخ انلاین درهم دبی,"دلار فردایی تهران ⏳ 155,400 فروش 🔴",Tehran,1554000.00,,,,,,,,,,,,,toman,"{""Tehran"": 1554000.0}",,155400,,fresh,67,0,aggregator,2026-04-15T08:23:58+00:00,Tehran,1554000.0,single_value,USD
dirhamdubai,نرخ انلاین درهم دبی,"دلار نـــقـدی تهران 💵 154,900 فروش 🔴",Tehran,1549000.00,,,,,,,,,,,,,toman,"{""Tehran"": 1549000.0}",,154900,,fresh,67,0,aggregator,2026-04-15T08:23:59+00:00,Tehran,1549000.0,single_value,USD
afsharsarafi,AfshaRex | صرافی افشار,حواله آنلاین دلار استراليا بیست فوریه ۲۰۲۶ - اول اسفند ۱۴۰۴ خرید (انتقال به ایران): حواله کمتر از ۳ هزار دلار: ۱۰۴،۰۰۰ تومان حواله بیشتر از ۳ هزار دلار: ۱۰۵،۰۰۰ تومان حواله بالای ۱۰ هزار دلار: ۱۰۶ ،۰۰۰ تومان فروش (انتقال به استرالیا): تماس ...,Frankfurt,,,,,,,,,,,,,1045000.00,toman,"{""Frankfurt"": 1045000.0}",104000,105000,104500.00,old,65,100,exchange_shop,2026-02-19T23:14:48+00:00,Frankfurt,1045000.0,midpoint,USD
afsharsarafi,AfshaRex | صرافی افشار,حواله آنلاین دلار استراليا بیست فوریه ۲۰۲۶ - اول اسفند ۱۴۰۴ خرید (انتقال به ایران): حواله کمتر از ۳ هزار دلار: ۱۰۷،۰۰۰ تومان حواله بیشتر از ۳ هزار دلار: ۱۰۸،۰۰۰ تومان حواله بالای ۱۰ هزار دلار: ۱۰۹ ،۰۰۰ تومان فروش (انتقال به استرالیا): تماس ...,Frankfurt,,,,,,,,,,,,,1075000.00,toman,"{""Frankfurt"": 1075000.0}",107000,108000,107500.00,old,65,100,exchange_shop,2026-02-23T23:24:36+00:00,Frankfurt,1075000.0,midpoint,USD
afsharsarafi,AfshaRex | صرافی افشار,حواله آنلاین دلار استراليا بیست و پنجم فوریه ۲۰۲۶ - ششم اسفند ۱۴۰۴ خرید (انتقال به ایران): حواله کمتر از ۳ هزار دلار: ۱۰۸،۰۰۰ تومان حواله بیشتر از ۳ هزار دلار: ۱۰۹،۰۰۰ تومان حواله بالای ۱۰ هزار دلار: ۱۱۰ ،۰۰۰ تومان فروش (انتقال به استرالیا)...,Frankfurt,,,,,,,,,,,,,1085000.00,toman,"{""Frankfurt"": 1085000.0}",108000,109000,108500.00,old,65,100,exchange_shop,2026-02-24T23:12:01+00:00,Frankfurt,1085000.0,midpoint,USD
afsharsarafi,AfshaRex | صرافی افشار,حواله آنلاین دلار استراليا بیست و ششم فوریه ۲۰۲۶ - هفتم اسفند ۱۴۰۴ خرید (انتقال به ایران): حواله کمتر از ۳ هزار دلار: ۱۱۰،۰۰۰ تومان حواله بیشتر از ۳ هزار دلار: ۱۱۱،۰۰۰ تومان حواله بالای ۱۰ هزار دلار: ۱۱۲ ،۰۰۰ تومان فروش (انتقال به استرالیا)...,Frankfurt,,,,,,,,,,,,,1105000.00,toman,"{""Frankfurt"": 1105000.0}",110000,111000,110500.00,old,65,100,exchange_shop,2026-02-25T23:08:53+00:00,Frankfurt,1105000.0,midpoint,USD
exchangeratescountries,نرخ ارز ساعتی £ $ €,". ⭕️ قیمت ارزهای آزاد | سه شنبه 25 فروردین 1405 - 11:35 🇺🇸 دلار : 1,590,900 ریال 🇪🇺 یورو : 1,874,300 ریال 🇬🇧 پوند انگلیس : 2,154,100 ریال 🇦🇪 درهم امارات : 433,370 ریال 🇹🇷 لیر ترکیه : 35,600 ریال 🇨🇭 فرانک سوئیس : 2,037,300 ریال 🇩🇰 کرون دانما...",Iraq|Turkey|UK,,,,,,2170080.25,,,,,,,,rial,"{""Iraq"": 2170080.25}",,,,recent,65,100,regional_fx_board,2026-04-14T08:15:48+00:00,Iraq,2170080.25,single_value,AED
exchangeratescountries,نرخ ارز ساعتی £ $ €,". ⭕️ قیمت ارزهای آزاد | سه شنبه 25 فروردین 1405 - 11:35 🇺🇸 دلار : 1,590,900 ریال 🇪🇺 یورو : 1,874,300 ریال 🇬🇧 پوند انگلیس : 2,154,100 ریال 🇦🇪 درهم امارات : 433,370 ریال 🇹🇷 لیر ترکیه : 35,600 ریال 🇨🇭 فرانک سوئیس : 2,037,300 ریال 🇩🇰 کرون دانما...",Iraq|Turkey|UK,,,,,,2170080.25,,,,,,,,rial,"{""Iraq"": 2170080.25, ""Turkey"": 2170080.25}",,,,recent,65,100,regional_fx_board,2026-04-14T08:15:48+00:00,Turkey,2170080.25,single_value,AED
exchangeratescountries,نرخ ارز ساعتی £ $ €,". ⭕️ قیمت ارزهای آزاد | سه شنبه 25 فروردین 1405 - 11:35 🇺🇸 دلار : 1,590,900 ریال 🇪🇺 یورو : 1,874,300 ریال 🇬🇧 پوند انگلیس : 2,154,100 ریال 🇦🇪 درهم امارات : 433,370 ریال 🇹🇷 لیر ترکیه : 35,600 ریال 🇨🇭 فرانک سوئیس : 2,037,300 ریال 🇩🇰 کرون دانما...",Iraq|Turkey|UK,,,,,,2170080.25,,,,,,,,rial,"{""Iraq"": 2170080.25, ""Turkey"": 2170080.25, ""UK"": 2170080.25}",,,,recent,65,100,regional_fx_board,2026-04-14T08:15:48+00:00,UK,2170080.25,single_value,AED
nerkh_uk,نرخ ارز Nerkh_Uk,". ⭕️ قیمت ارزهای آزاد | سه شنبه 25 فروردین 1405 - 11:35 🇺🇸 دلار : 1,590,900 ریال 🇪🇺 یورو : 1,874,300 ریال 🇬🇧 پوند انگلیس : 2,154,100 ریال 🇦🇪 درهم امارات : 433,370 ریال 🇹🇷 لیر ترکیه : 35,600 ریال 🇨🇭 فرانک سوئیس : 2,037,300 ریال 🇩🇰 کرون دانما...",Iraq|Turkey|UK,,,,,,2170080.25,,,,,,,,rial,"{""Iraq"": 2170080.25}",,,,recent,65,100,regional_fx_board,2026-04-14T08:15:48+00:00,Iraq,2170080.25,single_value,AED
nerkh_uk,نرخ ارز Nerkh_Uk,". ⭕️ قیمت ارزهای آزاد | سه شنبه 25 فروردین 1405 - 11:35 🇺🇸 دلار : 1,590,900 ریال 🇪🇺 یورو : 1,874,300 ریال 🇬🇧 پوند انگلیس : 2,154,100 ریال 🇦🇪 درهم امارات : 433,370 ریال 🇹🇷 لیر ترکیه : 35,600 ریال 🇨🇭 فرانک سوئیس : 2,037,300 ریال 🇩🇰 کرون دانما...",Iraq|Turkey|UK,,,,,,2170080.25,,,,,,,,rial,"{""Iraq"": 2170080.25, ""Turkey"": 2170080.25}",,,,recent,65,100,regional_fx_board,2026-04-14T08:15:48+00:00,Turkey,2170080.25,single_value,AED
nerkh_uk,نرخ ارز Nerkh_Uk,". ⭕️ قیمت ارزهای آزاد | سه شنبه 25 فروردین 1405 - 11:35 🇺🇸 دلار : 1,590,900 ریال 🇪🇺 یورو : 1,874,300 ریال 🇬🇧 پوند انگلیس : 2,154,100 ریال 🇦🇪 درهم امارات : 433,370 ریال 🇹🇷 لیر ترکیه : 35,600 ریال 🇨🇭 فرانک سوئیس : 2,037,300 ریال 🇩🇰 کرون دانما...",Iraq|Turkey|UK,,,,,,2170080.25,,,,,,,,rial,"{""Iraq"": 2170080.25, ""Turkey"": 2170080.25, ""UK"": 2170080.25}",,,,recent,65,100,regional_fx_board,2026-04-14T08:15:48+00:00,UK,2170080.25,single_value,AED
poshtkhati_dollar,مظنه پشت خطی دلار,"دلار هرات فردایی ⏳ : 152,700 معامله شد ✅ 2میلیارد",Herat,,1527000.00,,,,,,,,,,,,toman,"{""Herat"": 1527000.0}",,,,fresh,65,100,aggregator,2026-04-15T17:50:59+00:00,Herat,1527000.0,single_value,USD
poshtkhati_dollar,مظنه پشت خطی دلار,"دلار هرات فردایی ⏳ : 152,800 معامله شد ✅ 2میلیارد",Herat,,1528000.00,,,,,,,,,,,,toman,"{""Herat"": 1528000.0}",,,,fresh,65,100,aggregator,2026-04-15T18:05:43+00:00,Herat,1528000.0,single_value,USD
poshtkhati_dollar,مظنه پشت خطی دلار,"دلار هرات فردایی ⏳ : 152,900 معامله شد ✅ 1میلیارد",Herat,,1529000.00,,,,,,,,,,,,toman,"{""Herat"": 1529000.0}",,,,fresh,65,100,aggregator,2026-04-15T18:06:25+00:00,Herat,1529000.0,single_value,USD
poshtkhati_dollar,مظنه پشت خطی دلار,"دلار هرات فردایی ⏳ : 152,900 معامله شد ✅ 5میلیارد",Herat,,1529000.00,,,,,,,,,,,,toman,"{""Herat"": 1529000.0}",,,,fresh,65,100,aggregator,2026-04-15T18:29:32+00:00,Herat,1529000.0,single_value,USD
poshtkhati_dollar,مظنه پشت خطی دلار,"دلار هرات فردایی ⏳ : 152,950 معامله شد ✅ 1میلیارد",Herat,,1529500.00,,,,,,,,,,,,toman,"{""Herat"": 1529500.0}",,,,fresh,65,100,aggregator,2026-04-15T18:29:34+00:00,Herat,1529500.0,single_value,USD
dirhamdubai,نرخ انلاین درهم دبی,"دلار فردایی تهران ⏳ 157,000 فروش 🔴",Tehran,1570000.00,,,,,,,,,,,,,toman,"{""Tehran"": 1570000.0}",,157000,,recent,63,0,aggregator,2026-04-14T11:31:36+00:00,Tehran,1570000.0,single_value,USD
haratdollar,دلار هرات 🅅🄸🄿,"هرات فردایی ⏳ 152,600 فروش 🔴",Herat,,1526000.00,,,,,,,,,,,,toman,"{""Herat"": 1526000.0}",,152600,,fresh,63,0,unknown,2026-04-15T17:09:31+00:00,Herat,1526000.0,single_value,USD
haratdollar,دلار هرات 🅅🄸🄿,"هرات فردایی ⏳ 152,700 فروش 🔴",Herat,,1527000.00,,,,,,,,,,,,toman,"{""Herat"": 1527000.0}",,152700,,fresh,63,0,unknown,2026-04-15T17:10:37+00:00,Herat,1527000.0,single_value,USD
haratdollar,دلار هرات 🅅🄸🄿,"هرات فردایی ⏳ 152,500 فروش 🔴",Herat,,1525000.00,,,,,,,,,,,,toman,"{""Herat"": 1525000.0}",,152500,,fresh,63,0,unknown,2026-04-15T17:18:15+00:00,Herat,1525000.0,single_value,USD
toofan_harirod,💰طوفان هریرود💰,"هرات فردایی ⏳ 152,700 فروش 🔴",Herat,,1527000.00,,,,,,,,,,,,toman,"{""Herat"": 1527000.0}",,152700,,fresh,63,0,aggregator,2026-04-15T17:10:31+00:00,Herat,1527000.0,single_value,USD
toofan_harirod,💰طوفان هریرود💰,"هرات فردایی ⏳ 152,600 فروش 🔴",Herat,,1526000.00,,,,,,,,,,,,toman,"{""Herat"": 1526000.0}",,152600,,fresh,63,0,aggregator,2026-04-15T17:10:31+00:00,Herat,1526000.0,single_value,USD
toofan_harirod,💰طوفان هریرود💰,"هرات فردایی ⏳ 152,500 فروش 🔴",Herat,,1525000.00,,,,,,,,,,,,toman,"{""Herat"": 1525000.0}",,152500,,fresh,63,0,aggregator,2026-04-15T17:18:08+00:00,Herat,1525000.0,single_value,USD
exchangeratescountries,نرخ ارز ساعتی £ $ €,". ⭕️ قیمت ارزهای آزاد | دوشنبه 24 فروردین 1405 - 11:45 🇺🇸 دلار : 1,574,200 ریال 🇪🇺 یورو : 1,840,800 ریال 🇬🇧 پوند انگلیس : 2,115,200 ریال 🇦🇪 درهم امارات : 428,790 ریال 🇹🇷 لیر ترکیه : 35,300 ریال 🇨🇭 فرانک سوئیس : 1,993,300 ریال 🇩🇰 کرون دانمار...",Iraq|Turkey|UK,,,,,,2108749.50,,,,,,,,rial,"{""Iraq"": 2108749.5}",,,,recent,62,100,regional_fx_board,2026-04-13T08:26:04+00:00,Iraq,2108749.5,single_value,AED
exchangeratescountries,نرخ ارز ساعتی £ $ €,". ⭕️ قیمت ارزهای آزاد | دوشنبه 24 فروردین 1405 - 11:45 🇺🇸 دلار : 1,574,200 ریال 🇪🇺 یورو : 1,840,800 ریال 🇬🇧 پوند انگلیس : 2,115,200 ریال 🇦🇪 درهم امارات : 428,790 ریال 🇹🇷 لیر ترکیه : 35,300 ریال 🇨🇭 فرانک سوئیس : 1,993,300 ریال 🇩🇰 کرون دانمار...",Iraq|Turkey|UK,,,,,,2108749.50,,,,,,,,rial,"{""Iraq"": 2108749.5, ""Turkey"": 2108749.5}",,,,recent,62,100,regional_fx_board,2026-04-13T08:26:04+00:00,Turkey,2108749.5,single_value,AED
exchangeratescountries,نرخ ارز ساعتی £ $ €,". ⭕️ قیمت ارزهای آزاد | دوشنبه 24 فروردین 1405 - 11:45 🇺🇸 دلار : 1,574,200 ریال 🇪🇺 یورو : 1,840,800 ریال 🇬🇧 پوند انگلیس : 2,115,200 ریال 🇦🇪 درهم امارات : 428,790 ریال 🇹🇷 لیر ترکیه : 35,300 ریال 🇨🇭 فرانک سوئیس : 1,993,300 ریال 🇩🇰 کرون دانمار...",Iraq|Turkey|UK,,,,,,2108749.50,,,,,,,,rial,"{""Iraq"": 2108749.5, ""Turkey"": 2108749.5, ""UK"": 2108749.5}",,,,recent,62,100,regional_fx_board,2026-04-13T08:26:04+00:00,UK,2108749.5,single_value,AED
nerkh_uk,نرخ ارز Nerkh_Uk,". ⭕️ قیمت ارزهای آزاد | دوشنبه 24 فروردین 1405 - 11:45 🇺🇸 دلار : 1,574,200 ریال 🇪🇺 یورو : 1,840,800 ریال 🇬🇧 پوند انگلیس : 2,115,200 ریال 🇦🇪 درهم امارات : 428,790 ریال 🇹🇷 لیر ترکیه : 35,300 ریال 🇨🇭 فرانک سوئیس : 1,993,300 ریال 🇩🇰 کرون دانمار...",Iraq|Turkey|UK,,,,,,2108749.50,,,,,,,,rial,"{""Iraq"": 2108749.5}",,,,recent,62,100,regional_fx_board,2026-04-13T08:26:04+00:00,Iraq,2108749.5,single_value,AED
nerkh_uk,نرخ ارز Nerkh_Uk,". ⭕️ قیمت ارزهای آزاد | دوشنبه 24 فروردین 1405 - 11:45 🇺🇸 دلار : 1,574,200 ریال 🇪🇺 یورو : 1,840,800 ریال 🇬🇧 پوند انگلیس : 2,115,200 ریال 🇦🇪 درهم امارات : 428,790 ریال 🇹🇷 لیر ترکیه : 35,300 ریال 🇨🇭 فرانک سوئیس : 1,993,300 ریال 🇩🇰 کرون دانمار...",Iraq|Turkey|UK,,,,,,2108749.50,,,,,,,,rial,"{""Iraq"": 2108749.5, ""Turkey"": 2108749.5}",,,,recent,62,100,regional_fx_board,2026-04-13T08:26:04+00:00,Turkey,2108749.5,single_value,AED
nerkh_uk,نرخ ارز Nerkh_Uk,". ⭕️ قیمت ارزهای آزاد | دوشنبه 24 فروردین 1405 - 11:45 🇺🇸 دلار : 1,574,200 ریال 🇪🇺 یورو : 1,840,800 ریال 🇬🇧 پوند انگلیس : 2,115,200 ریال 🇦🇪 درهم امارات : 428,790 ریال 🇹🇷 لیر ترکیه : 35,300 ریال 🇨🇭 فرانک سوئیس : 1,993,300 ریال 🇩🇰 کرون دانمار...",Iraq|Turkey|UK,,,,,,2108749.50,,,,,,,,rial,"{""Iraq"": 2108749.5, ""Turkey"": 2108749.5, ""UK"": 2108749.5}",,,,recent,62,100,regional_fx_board,2026-04-13T08:26:04+00:00,UK,2108749.5,single_value,AED
dirhamdubai,نرخ انلاین درهم دبی,"دلار فردایی تهران ⏳ 155,200 خــرید 🔵",Tehran,1552000.00,,,,,,,,,,,,,toman,"{""Tehran"": 1552000.0}",,,,fresh,61,0,aggregator,2026-04-15T08:23:58+00:00,Tehran,1552000.0,single_value,USD
dirhamdubai,نرخ انلاین درهم دبی,"دلار نـــقـدی تهران 💵 154,800 خــرید 🔵",Tehran,1548000.00,,,,,,,,,,,,,toman,"{""Tehran"": 1548000.0}",,,,fresh,61,0,aggregator,2026-04-15T08:23:59+00:00,Tehran,1548000.0,single_value,USD
boonbas,بن بست بانک مرکزی صرافی ارز مجازی دلار تتر بیت کوین سکه حواله یورو خرید فروش طلا مثقال ابشده بازار جهانی بورس فارکس خودرو سهام,چارت درهم تایم هفتگی مقاومت فعلی محدوده ۳۰ هزار تومان بالاش ۳۱۰۰۰ و ۳۲۵۰۰ بانک در هفته آینده شاید بتواند روی درهم ۳۰ هزار تومان با شانتاژ مانع از افزایش قیمت شود و در محدوده ۲۸۰۰۰ و ۲۷۰۰۰ تومان قیمت نگه بدارد. در صورت ورود حجم خرید بالا، بر...,Afghanistan,,,,,,,,,,,,,,toman,"{""Afghanistan"": 1166018.75}",31000,32500,31750.00,old,59,100,regional_market_channel,2025-09-25T09:01:22+00:00,Afghanistan,1166018.75,midpoint,AED
turan_ex,صرافی🇹🇷توران🇮🇷ازمیر - TURAN Exchange,"هرات فردایی ⏳ 153,200 فروش 🔴",Herat,,1532000.00,,,,,,,,,,,,toman,"{""Herat"": 1532000.0}",,153200,,fresh,59,85,exchange_shop,2026-04-15T06:06:39+00:00,Herat,1532000.0,single_value,USD
dirhamdubai,نرخ انلاین درهم دبی,"حدود مظنه درهم ( Dirham ) دبي 🇦🇪 42,300 🇦🇪 @DirhamDubai ری‌اکشن شما به ما انرژی میده ❤️",Dubai,,,,,,,1553467.50,,,,,,,toman,"{""Dubai"": 1553467.5}",,,,fresh,58,0,aggregator,2026-04-15T08:30:40+00:00,Dubai,1553467.5,single_value,AED
dirhamdubai,نرخ انلاین درهم دبی,"دلار فردایی تهران ⏳ 156,500 خــرید 🔵",Tehran,1565000.00,,,,,,,,,,,,,toman,"{""Tehran"": 1565000.0}",,,,recent,58,0,aggregator,2026-04-14T11:31:36+00:00,Tehran,1565000.0,single_value,USD
dirhamdubai,نرخ انلاین درهم دبی,"دلار فردایی تهران ⏳ 157,000 فروش 🔴",Tehran,1570000.00,,,,,,,,,,,,,toman,"{""Tehran"": 1570000.0}",,157000,,recent,58,0,aggregator,2026-04-14T11:31:36+00:00,Tehran,1570000.0,single_value,USD
dirhamdubai,نرخ انلاین درهم دبی,"دلار فردایی تهران ⏳ 155,200 خــرید 🔵",Tehran,1552000.00,,,,,,,,,,,,,toman,"{""Tehran"": 1552000.0}",,,,fresh,58,0,aggregator,2026-04-15T08:23:59+00:00,Tehran,1552000.0,single_value,USD
dirhamdubai,نرخ انلاین درهم دبی,"دلار فردایی تهران ⏳ 155,400 فروش 🔴",Tehran,1554000.00,,,,,,,,,,,,,toman,"{""Tehran"": 1554000.0}",,155400,,fresh,58,0,aggregator,2026-04-15T08:23:59+00:00,Tehran,1554000.0,single_value,USD
haratdollar,دلار هرات 🅅🄸🄿,"هرات فردایی ⏳ 152,600 فروش 🔴",Herat,,1526000.00,,,,,,,,,,,,toman,"{""Herat"": 1526000.0}",,152600,,fresh,58,0,unknown,2026-04-15T17:10:08+00:00,Herat,1526000.0,single_value,USD
haratdollar,دلار هرات 🅅🄸🄿,"هرات فردایی ⏳ 152,600 فروش 🔴",Herat,,1526000.00,,,,,,,,,,,,toman,"{""Herat"": 1526000.0}",,152600,,fresh,58,0,unknown,2026-04-15T17:10:37+00:00,Herat,1526000.0,single_value,USD
haratdollar,دلار هرات 🅅🄸🄿,"هرات فردایی ⏳ 152,600 فروش 🔴",Herat,,1526000.00,,,,,,,,,,,,toman,"{""Herat"": 1526000.0}",,152600,,fresh,58,0,unknown,2026-04-15T17:13:08+00:00,Herat,1526000.0,single_value,USD
haratdollar,دلار هرات 🅅🄸🄿,"هرات فردایی ⏳ 152,500 فروش 🔴",Herat,,1525000.00,,,,,,,,,,,,toman,"{""Herat"": 1525000.0}",,152500,,fresh,58,0,unknown,2026-04-15T17:18:26+00:00,Herat,1525000.0,single_value,USD
haratdollar,دلار هرات 🅅🄸🄿,"هرات فردایی ⏳ 152,500 فروش 🔴",Herat,,1525000.00,,,,,,,,,,,,toman,"{""Herat"": 1525000.0}",,152500,,fresh,58,0,unknown,2026-04-15T17:21:18+00:00,Herat,1525000.0,single_value,USD
haratdollar,دلار هرات 🅅🄸🄿,"هرات فردایی ⏳ 152,500 فروش 🔴",Herat,,1525000.00,,,,,,,,,,,,toman,"{""Herat"": 1525000.0}",,152500,,fresh,58,0,unknown,2026-04-15T17:23:39+00:00,Herat,1525000.0,single_value,USD
haratdollar,دلار هرات 🅅🄸🄿,"هرات فردایی ⏳ 152,500 فروش 🔴",Herat,,1525000.00,,,,,,,,,,,,toman,"{""Herat"": 1525000.0}",,152500,,fresh,58,0,unknown,2026-04-15T17:27:26+00:00,Herat,1525000.0,single_value,USD
haratdollar,دلار هرات 🅅🄸🄿,"هرات فردایی ⏳ 152,500 فروش 🔴",Herat,,1525000.00,,,,,,,,,,,,toman,"{""Herat"": 1525000.0}",,152500,,fresh,58,0,unknown,2026-04-15T17:28:24+00:00,Herat,1525000.0,single_value,USD
herat_tomen,هرات تومن دالر,"هرات فردایی ⏳ : 🔵 152,800 خریـــدار 🔴 153,000 فروشنده",Herat,,1528000.00,,,,,,,,,,,,toman,"{""Herat"": 1528000.0}",,153000,,fresh,58,100,regional_market_channel,2026-04-15T18:05:50+00:00,Herat,1528000.0,single_value,USD
herat_tomen,هرات تومن دالر,"هرات فردایی ⏳ : 🔵 152,800 خریـــدار 🔴 153,000 فروشنده",Herat,,1528000.00,,,,,,,,,,,,toman,"{""Herat"": 1528000.0}",,153000,,fresh,58,100,regional_market_channel,2026-04-15T18:29:19+00:00,Herat,1528000.0,single_value,USD
poshtkhati_dollar,مظنه پشت خطی دلار,"دلار هرات فردایی ⏳ : 🔵 152,800 خریـــدار 🔴 153,000 فروشنده",Herat,,1528000.00,,,,,,,,,,,,toman,"{""Herat"": 1528000.0}",,153000,,fresh,58,100,aggregator,2026-04-15T18:05:49+00:00,Herat,1528000.0,single_value,USD
poshtkhati_dollar,مظنه پشت خطی دلار,"دلار هرات فردایی ⏳ : 🔵 152,800 خریـــدار 🔴 153,000 فروشنده",Herat,,1528000.00,,,,,,,,,,,,toman,"{""Herat"": 1528000.0}",,153000,,fresh,58,100,aggregator,2026-04-15T18:29:18+00:00,Herat,1528000.0,single_value,USD
toofan_harirod,💰طوفان هریرود💰,"هرات فردایی ⏳ 152,600 فروش 🔴",Herat,,1526000.00,,,,,,,,,,,,toman,"{""Herat"": 1526000.0}",,152600,,fresh,58,0,aggregator,2026-04-15T17:12:59+00:00,Herat,1526000.0,single_value,USD
toofan_harirod,💰طوفان هریرود💰,"هرات فردایی ⏳ 152,500 فروش 🔴",Herat,,1525000.00,,,,,,,,,,,,toman,"{""Herat"": 1525000.0}",,152500,,fresh,58,0,aggregator,2026-04-15T17:18:17+00:00,Herat,1525000.0,single_value,USD
toofan_harirod,💰طوفان هریرود💰,"هرات فردایی ⏳ 152,500 فروش 🔴",Herat,,1525000.00,,,,,,,,,,,,toman,"{""Herat"": 1525000.0}",,152500,,fresh,58,0,aggregator,2026-04-15T17:21:09+00:00,Herat,1525000.0,single_value,USD
toofan_harirod,💰طوفان هریرود💰,"هرات فردایی ⏳ 152,500 فروش 🔴",Herat,,1525000.00,,,,,,,,,,,,toman,"{""Herat"": 1525000.0}",,152500,,fresh,58,0,aggregator,2026-04-15T17:23:36+00:00,Herat,1525000.0,single_value,USD
toofan_harirod,💰طوفان هریرود💰,"هرات فردایی ⏳ 152,500 فروش 🔴",Herat,,1525000.00,,,,,,,,,,,,toman,"{""Herat"": 1525000.0}",,152500,,fresh,58,0,aggregator,2026-04-15T17:27:23+00:00,Herat,1525000.0,single_value,USD
toofan_harirod,💰طوفان هریرود💰,"هرات فردایی ⏳ 152,500 فروش 🔴",Herat,,1525000.00,,,,,,,,,,,,toman,"{""Herat"": 1525000.0}",,152500,,fresh,58,0,aggregator,2026-04-15T17:28:17+00:00,Herat,1525000.0,single_value,USD
dirhamdubai,نرخ انلاین درهم دبی,"دلار فردایی تهران ⏳ 156,500 خــرید 🔵",Tehran,1565000.00,,,,,,,,,,,,,toman,"{""Tehran"": 1565000.0}",,,,recent,57,0,aggregator,2026-04-14T11:31:35+00:00,Tehran,1565000.0,single_value,USD
banehdollar,$ بانه دلار $,"1404/12/06 ➖ ➖ ➖ ➖ ➖ ➖ دلار بانه نقدی 164,100 🔴 فروش دلار بانه نقدی 163,600 🔵 خرید ➖ ➖ ➖ ➖ ➖ ➖ ➖ دینار عراق 🇮🇶 105 🔴 فروش دینار عراق 🇮🇶 104 🔵 خرید @banehdollar",Iraq,,,,,,1638500.00,,,,,,,,toman,"{""Iraq"": 1638500.0}",163600,164100,163850.00,old,55,100,regional_fx_board,2026-02-25T16:33:14+00:00,Iraq,1638500.0,midpoint,USD
banehdollar,$ بانه دلار $,"1404/12/07 ➖ ➖ ➖ ➖ ➖ ➖ دلار بانه نقدی 164,000 🔴 فروش دلار بانه نقدی 163,500 🔵 خرید ➖ ➖ ➖ ➖ ➖ ➖ ➖ دینار عراق 🇮🇶 105 🔴 فروش دینار عراق 🇮🇶 104 🔵 خرید @banehdollar",Iraq,,,,,,1637500.00,,,,,,,,toman,"{""Iraq"": 1637500.0}",163500,164000,163750.00,old,55,100,regional_fx_board,2026-02-26T11:10:58+00:00,Iraq,1637500.0,midpoint,USD
banehdollar,$ بانه دلار $,"1404/12/07 ➖ ➖ ➖ ➖ ➖ ➖ دلار بانه نقدی 163,600 🔴 فروش دلار بانه نقدی 163,100 🔵 خرید ➖ ➖ ➖ ➖ ➖ ➖ ➖ دینار عراق 🇮🇶 104.5 🔴 فروش دینار عراق 🇮🇶 103.5 🔵 خرید @banehdollar",Iraq,,,,,,1633500.00,,,,,,,,toman,"{""Iraq"": 1633500.0}",163100,163600,163350.00,old,55,100,regional_fx_board,2026-02-26T16:02:01+00:00,Iraq,1633500.0,midpoint,USD
banehdollar,$ بانه دلار $,"1404/12/09 ➖ ➖ ➖ ➖ ➖ ➖ دلار بانه نقدی 170,000 🔴 فروش دلار بانه نقدی 169,500 🔵 خرید ➖ ➖ ➖ ➖ ➖ ➖ ➖ دینار عراق 🇮🇶 109 🔴 فروش دینار عراق 🇮🇶 108 🔵 خرید @banehdollar",Iraq,,,,,,1697500.00,,,,,,,,toman,"{""Iraq"": 1697500.0}",169500,170000,169750.00,old,55,100,regional_fx_board,2026-02-28T07:13:42+00:00,Iraq,1697500.0,midpoint,USD
turan_ex,صرافی🇹🇷توران🇮🇷ازمیر - TURAN Exchange,"هرات فردایی ⏳ 156,100 فروش 🔴",Herat,,1561000.00,,,,,,,,,,,,toman,"{""Herat"": 1561000.0}",,156100,,recent,55,85,exchange_shop,2026-04-14T06:22:03+00:00,Herat,1561000.0,single_value,USD
exchangeratescountries,نرخ ارز ساعتی £ $ €,". ⭕️ قیمت ارزهای آزاد | یکشنبه 23 فروردین 1405 - 12:06 🇺🇸 دلار : 1,566,700 ریال 🇪🇺 یورو : 1,836,900 ریال 🇬🇧 پوند انگلیس : 2,109,600 ریال 🇦🇪 درهم امارات : 426,500 ریال 🇹🇷 لیر ترکیه : 34,900 ریال 🇨🇭 فرانک سوئیس : 1,985,700 ریال 🇩🇰 کرون دانمار...",Iraq|Turkey|UK,,,,,,2081205.75,,,,,,,,rial,"{""Iraq"": 2081205.75}",,,,stale,54,100,regional_fx_board,2026-04-12T08:58:51+00:00,Iraq,2081205.75,single_value,AED
exchangeratescountries,نرخ ارز ساعتی £ $ €,". ⭕️ قیمت ارزهای آزاد | یکشنبه 23 فروردین 1405 - 12:06 🇺🇸 دلار : 1,566,700 ریال 🇪🇺 یورو : 1,836,900 ریال 🇬🇧 پوند انگلیس : 2,109,600 ریال 🇦🇪 درهم امارات : 426,500 ریال 🇹🇷 لیر ترکیه : 34,900 ریال 🇨🇭 فرانک سوئیس : 1,985,700 ریال 🇩🇰 کرون دانمار...",Iraq|Turkey|UK,,,,,,2081205.75,,,,,,,,rial,"{""Iraq"": 2081205.75, ""Turkey"": 2081205.75}",,,,stale,54,100,regional_fx_board,2026-04-12T08:58:51+00:00,Turkey,2081205.75,single_value,AED
exchangeratescountries,نرخ ارز ساعتی £ $ €,". ⭕️ قیمت ارزهای آزاد | یکشنبه 23 فروردین 1405 - 12:06 🇺🇸 دلار : 1,566,700 ریال 🇪🇺 یورو : 1,836,900 ریال 🇬🇧 پوند انگلیس : 2,109,600 ریال 🇦🇪 درهم امارات : 426,500 ریال 🇹🇷 لیر ترکیه : 34,900 ریال 🇨🇭 فرانک سوئیس : 1,985,700 ریال 🇩🇰 کرون دانمار...",Iraq|Turkey|UK,,,,,,2081205.75,,,,,,,,rial,"{""Iraq"": 2081205.75, ""Turkey"": 2081205.75, ""UK"": 2081205.75}",,,,stale,54,100,regional_fx_board,2026-04-12T08:58:51+00:00,UK,2081205.75,single_value,AED
nerkh_uk,نرخ ارز Nerkh_Uk,". ⭕️ قیمت ارزهای آزاد | پنجشنبه 20 فروردین 1405 - 11:25 🇺🇸 دلار : 1,547,500 ریال 🇪🇺 یورو : 1,804,900 ریال 🇬🇧 پوند انگلیس : 2,073,700 ریال 🇦🇪 درهم امارات : 421,480 ریال 🇹🇷 لیر ترکیه : 34,700 ریال 🇨🇭 فرانک سوئیس : 1,957,600 ریال 🇩🇰 کرون دانما...",Iraq|Turkey|UK,,,,,,2010693.75,,,,,,,,rial,"{""Iraq"": 2010693.75}",,,,stale,54,100,regional_fx_board,2026-04-09T08:39:03+00:00,Iraq,2010693.75,single_value,AED
nerkh_uk,نرخ ارز Nerkh_Uk,". ⭕️ قیمت ارزهای آزاد | جمعه 21 فروردین 1405 - 11:50 🇺🇸 دلار : 1,564,900 ریال 🇪🇺 یورو : 1,829,700 ریال 🇬🇧 پوند انگلیس : 2,102,500 ریال 🇦🇪 درهم امارات : 426,310 ریال 🇹🇷 لیر ترکیه : 35,100 ریال 🇨🇭 فرانک سوئیس : 1,982,100 ریال 🇩🇰 کرون دانمارک ...",Iraq|Turkey|UK,,,,,,2074595.25,,,,,,,,rial,"{""Iraq"": 2074595.25}",,,,stale,54,100,regional_fx_board,2026-04-10T08:23:32+00:00,Iraq,2074595.25,single_value,AED
nerkh_uk,نرخ ارز Nerkh_Uk,". ⭕️ قیمت ارزهای آزاد | شنبه 22 فروردین 1405 - 11:50 🇺🇸 دلار : 1,541,500 ریال 🇪🇺 یورو : 1,807,300 ریال 🇬🇧 پوند انگلیس : 2,075,600 ریال 🇦🇪 درهم امارات : 419,620 ریال 🇹🇷 لیر ترکیه : 34,400 ریال 🇨🇭 فرانک سوئیس : 1,953,600 ریال 🇩🇰 کرون دانمارک ...",Iraq|Turkey|UK,,,,,,1988658.75,,,,,,,,rial,"{""Iraq"": 1988658.75}",,,,stale,54,100,regional_fx_board,2026-04-11T08:29:47+00:00,Iraq,1988658.75,single_value,AED
nerkh_uk,نرخ ارز Nerkh_Uk,". ⭕️ قیمت ارزهای آزاد | یکشنبه 23 فروردین 1405 - 12:06 🇺🇸 دلار : 1,566,700 ریال 🇪🇺 یورو : 1,836,900 ریال 🇬🇧 پوند انگلیس : 2,109,600 ریال 🇦🇪 درهم امارات : 426,500 ریال 🇹🇷 لیر ترکیه : 34,900 ریال 🇨🇭 فرانک سوئیس : 1,985,700 ریال 🇩🇰 کرون دانمار...",Iraq|Turkey|UK,,,,,,2081205.75,,,,,,,,rial,"{""Iraq"": 2081205.75}",,,,stale,54,100,regional_fx_board,2026-04-12T08:58:50+00:00,Iraq,2081205.75,single_value,AED
nerkh_uk,نرخ ارز Nerkh_Uk,". ⭕️ قیمت ارزهای آزاد | پنجشنبه 20 فروردین 1405 - 11:25 🇺🇸 دلار : 1,547,500 ریال 🇪🇺 یورو : 1,804,900 ریال 🇬🇧 پوند انگلیس : 2,073,700 ریال 🇦🇪 درهم امارات : 421,480 ریال 🇹🇷 لیر ترکیه : 34,700 ریال 🇨🇭 فرانک سوئیس : 1,957,600 ریال 🇩🇰 کرون دانما...",Iraq|Turkey|UK,,,,,,2010693.75,,,,,,,,rial,"{""Iraq"": 2010693.75, ""Turkey"": 2010693.75}",,,,stale,54,100,regional_fx_board,2026-04-09T08:39:03+00:00,Turkey,2010693.75,single_value,AED
nerkh_uk,نرخ ارز Nerkh_Uk,". ⭕️ قیمت ارزهای آزاد | جمعه 21 فروردین 1405 - 11:50 🇺🇸 دلار : 1,564,900 ریال 🇪🇺 یورو : 1,829,700 ریال 🇬🇧 پوند انگلیس : 2,102,500 ریال 🇦🇪 درهم امارات : 426,310 ریال 🇹🇷 لیر ترکیه : 35,100 ریال 🇨🇭 فرانک سوئیس : 1,982,100 ریال 🇩🇰 کرون دانمارک ...",Iraq|Turkey|UK,,,,,,2074595.25,,,,,,,,rial,"{""Iraq"": 2074595.25, ""Turkey"": 2074595.25}",,,,stale,54,100,regional_fx_board,2026-04-10T08:23:32+00:00,Turkey,2074595.25,single_value,AED
nerkh_uk,نرخ ارز Nerkh_Uk,". ⭕️ قیمت ارزهای آزاد | شنبه 22 فروردین 1405 - 11:50 🇺🇸 دلار : 1,541,500 ریال 🇪🇺 یورو : 1,807,300 ریال 🇬🇧 پوند انگلیس : 2,075,600 ریال 🇦🇪 درهم امارات : 419,620 ریال 🇹🇷 لیر ترکیه : 34,400 ریال 🇨🇭 فرانک سوئیس : 1,953,600 ریال 🇩🇰 کرون دانمارک ...",Iraq|Turkey|UK,,,,,,1988658.75,,,,,,,,rial,"{""Iraq"": 1988658.75, ""Turkey"": 1988658.75}",,,,stale,54,100,regional_fx_board,2026-04-11T08:29:47+00:00,Turkey,1988658.75,single_value,AED
nerkh_uk,نرخ ارز Nerkh_Uk,". ⭕️ قیمت ارزهای آزاد | یکشنبه 23 فروردین 1405 - 12:06 🇺🇸 دلار : 1,566,700 ریال 🇪🇺 یورو : 1,836,900 ریال 🇬🇧 پوند انگلیس : 2,109,600 ریال 🇦🇪 درهم امارات : 426,500 ریال 🇹🇷 لیر ترکیه : 34,900 ریال 🇨🇭 فرانک سوئیس : 1,985,700 ریال 🇩🇰 کرون دانمار...",Iraq|Turkey|UK,,,,,,2081205.75,,,,,,,,rial,"{""Iraq"": 2081205.75, ""Turkey"": 2081205.75}",,,,stale,54,100,regional_fx_board,2026-04-12T08:58:50+00:00,Turkey,2081205.75,single_value,AED
nerkh_uk,نرخ ارز Nerkh_Uk,". ⭕️ قیمت ارزهای آزاد | پنجشنبه 20 فروردین 1405 - 11:25 🇺🇸 دلار : 1,547,500 ریال 🇪🇺 یورو : 1,804,900 ریال 🇬🇧 پوند انگلیس : 2,073,700 ریال 🇦🇪 درهم امارات : 421,480 ریال 🇹🇷 لیر ترکیه : 34,700 ریال 🇨🇭 فرانک سوئیس : 1,957,600 ریال 🇩🇰 کرون دانما...",Iraq|Turkey|UK,,,,,,2010693.75,,,,,,,,rial,"{""Iraq"": 2010693.75, ""Turkey"": 2010693.75, ""UK"": 2010693.75}",,,,stale,54,100,regional_fx_board,2026-04-09T08:39:03+00:00,UK,2010693.75,single_value,AED
nerkh_uk,نرخ ارز Nerkh_Uk,". ⭕️ قیمت ارزهای آزاد | جمعه 21 فروردین 1405 - 11:50 🇺🇸 دلار : 1,564,900 ریال 🇪🇺 یورو : 1,829,700 ریال 🇬🇧 پوند انگلیس : 2,102,500 ریال 🇦🇪 درهم امارات : 426,310 ریال 🇹🇷 لیر ترکیه : 35,100 ریال 🇨🇭 فرانک سوئیس : 1,982,100 ریال 🇩🇰 کرون دانمارک ...",Iraq|Turkey|UK,,,,,,2074595.25,,,,,,,,rial,"{""Iraq"": 2074595.25, ""Turkey"": 2074595.25, ""UK"": 2074595.25}",,,,stale,54,100,regional_fx_board,2026-04-10T08:23:32+00:00,UK,2074595.25,single_value,AED
nerkh_uk,نرخ ارز Nerkh_Uk,". ⭕️ قیمت ارزهای آزاد | شنبه 22 فروردین 1405 - 11:50 🇺🇸 دلار : 1,541,500 ریال 🇪🇺 یورو : 1,807,300 ریال 🇬🇧 پوند انگلیس : 2,075,600 ریال 🇦🇪 درهم امارات : 419,620 ریال 🇹🇷 لیر ترکیه : 34,400 ریال 🇨🇭 فرانک سوئیس : 1,953,600 ریال 🇩🇰 کرون دانمارک ...",Iraq|Turkey|UK,,,,,,1988658.75,,,,,,,,rial,"{""Iraq"": 1988658.75, ""Turkey"": 1988658.75, ""UK"": 1988658.75}",,,,stale,54,100,regional_fx_board,2026-04-11T08:29:47+00:00,UK,1988658.75,single_value,AED
nerkh_uk,نرخ ارز Nerkh_Uk,". ⭕️ قیمت ارزهای آزاد | یکشنبه 23 فروردین 1405 - 12:06 🇺🇸 دلار : 1,566,700 ریال 🇪🇺 یورو : 1,836,900 ریال 🇬🇧 پوند انگلیس : 2,109,600 ریال 🇦🇪 درهم امارات : 426,500 ریال 🇹🇷 لیر ترکیه : 34,900 ریال 🇨🇭 فرانک سوئیس : 1,985,700 ریال 🇩🇰 کرون دانمار...",Iraq|Turkey|UK,,,,,,2081205.75,,,,,,,,rial,"{""Iraq"": 2081205.75, ""Turkey"": 2081205.75, ""UK"": 2081205.75}",,,,stale,54,100,regional_fx_board,2026-04-12T08:58:50+00:00,UK,2081205.75,single_value,AED
turan_ex,صرافی🇹🇷توران🇮🇷ازمیر - TURAN Exchange,"هرات امروزی ☀️ 159,600 فروش 🔴",Herat,,1596000.00,,,,,,,,,,,,toman,"{""Herat"": 1596000.0}",,159600,,recent,51,85,exchange_shop,2026-04-13T06:10:51+00:00,Herat,1596000.0,single_value,USD
aghayebazar_official,آقای بازار، نرخ لحظه ای دلار، یورو، تتر، بیت کوین، ارز، سکه و طلا,"#نرخ_ارز #سکه #طلا #دلار #بیتکوین ☸️ دلار آمريکا : 1,656,600 ریال ☸️ یورو: 1,956,200 ریال ☸️ درهم آمارات: 451,260 ریال ☸️ پوند انگلیس: 2,243,200 ریال ☸️ لیر ترکیه: 37,800 ریال ☸️ فرانک سوئیس: 2,144,100 ریال ☸️ یوان چین: 242,200 ریال ☸️ ین ژ...",Turkey|UK,,,,,,,,,,,,,,rial,"{""Turkey"": 2411363.5}",,,,old,50,100,regional_market_channel,2026-02-26T08:45:19+00:00,Turkey,2411363.5,single_value,AED
aghayebazar_official,آقای بازار، نرخ لحظه ای دلار، یورو، تتر، بیت کوین، ارز، سکه و طلا,"#نرخ_ارز #سکه #طلا #دلار #بیتکوین ☸️ دلار آمريکا : 1,651,450 ریال ☸️ یورو: 1,949,600 ریال ☸️ درهم آمارات: 449,940 ریال ☸️ پوند انگلیس: 2,235,800 ریال ☸️ لیر ترکیه: 37,700 ریال ☸️ فرانک سوئیس: 2,136,600 ریال ☸️ یوان چین: 241,500 ریال ☸️ ین ژ...",Turkey|UK,,,,,,,,,,,,,,rial,"{""Turkey"": 2392450.12}",,,,old,50,100,regional_market_channel,2026-02-26T09:16:20+00:00,Turkey,2392450.125,single_value,AED
aghayebazar_official,آقای بازار، نرخ لحظه ای دلار، یورو، تتر، بیت کوین، ارز، سکه و طلا,"#نرخ_ارز #سکه #طلا #دلار #بیتکوین ☸️ دلار آمريکا : 1,652,300 ریال ☸️ یورو: 1,950,800 ریال ☸️ درهم آمارات: 450,210 ریال ☸️ پوند انگلیس: 2,237,000 ریال ☸️ لیر ترکیه: 37,700 ریال ☸️ فرانک سوئیس: 2,138,000 ریال ☸️ یوان چین: 241,700 ریال ☸️ ین ژ...",Turkey|UK,,,,,,,,,,,,,,rial,"{""Turkey"": 2395571.75}",,,,old,50,100,regional_market_channel,2026-02-26T09:47:20+00:00,Turkey,2395571.75,single_value,AED
aghayebazar_official,آقای بازار، نرخ لحظه ای دلار، یورو، تتر، بیت کوین، ارز، سکه و طلا,"#نرخ_ارز #سکه #طلا #دلار #بیتکوین ☸️ دلار آمريکا : 1,653,700 ریال ☸️ یورو: 1,951,500 ریال ☸️ درهم آمارات: 450,480 ریال ☸️ پوند انگلیس: 2,238,800 ریال ☸️ لیر ترکیه: 37,700 ریال ☸️ فرانک سوئیس: 2,137,600 ریال ☸️ یوان چین: 241,800 ریال ☸️ ین ژ...",Turkey|UK,,,,,,,,,,,,,,rial,"{""Turkey"": 2400713.25}",,,,old,50,100,regional_market_channel,2026-02-26T10:18:19+00:00,Turkey,2400713.25,single_value,AED
aghayebazar_official,آقای بازار، نرخ لحظه ای دلار، یورو، تتر، بیت کوین، ارز، سکه و طلا,"#نرخ_ارز #سکه #طلا #دلار #بیتکوین ☸️ دلار آمريکا : 1,652,700 ریال ☸️ یورو: 1,950,300 ریال ☸️ درهم آمارات: 450,250 ریال ☸️ پوند انگلیس: 2,238,600 ریال ☸️ لیر ترکیه: 37,700 ریال ☸️ فرانک سوئیس: 2,134,300 ریال ☸️ یوان چین: 241,600 ریال ☸️ ین ژ...",Turkey|UK,,,,,,,,,,,,,,rial,"{""Turkey"": 2397040.75}",,,,old,50,100,regional_market_channel,2026-02-26T10:49:21+00:00,Turkey,2397040.75,single_value,AED
aghayebazar_official,آقای بازار، نرخ لحظه ای دلار، یورو، تتر، بیت کوین، ارز، سکه و طلا,"#نرخ_ارز #سکه #طلا #دلار #بیتکوین ☸️ دلار آمريکا : 1,650,300 ریال ☸️ یورو: 1,948,300 ریال ☸️ درهم آمارات: 449,640 ریال ☸️ پوند انگلیس: 2,236,100 ریال ☸️ لیر ترکیه: 37,600 ریال ☸️ فرانک سوئیس: 2,131,900 ریال ☸️ یوان چین: 241,300 ریال ☸️ ین ژ...",Turkey|UK,,,,,,,,,,,,,,rial,"{""Turkey"": 2388226.75}",,,,old,50,100,regional_market_channel,2026-02-26T11:20:20+00:00,Turkey,2388226.75,single_value,AED
aghayebazar_official,آقای بازار، نرخ لحظه ای دلار، یورو، تتر، بیت کوین، ارز، سکه و طلا,"#نرخ_ارز #سکه #طلا #دلار #بیتکوین ☸️ دلار آمريکا : 1,652,400 ریال ☸️ یورو: 1,951,100 ریال ☸️ درهم آمارات: 450,200 ریال ☸️ پوند انگلیس: 2,239,400 ریال ☸️ لیر ترکیه: 37,700 ریال ☸️ فرانک سوئیس: 2,133,600 ریال ☸️ یوان چین: 241,600 ریال ☸️ ین ژ...",Turkey|UK,,,,,,,,,,,,,,rial,"{""Turkey"": 2395939.0}",,,,old,50,100,regional_market_channel,2026-02-26T11:51:19+00:00,Turkey,2395939.0,single_value,AED
aghayebazar_official,آقای بازار، نرخ لحظه ای دلار، یورو، تتر، بیت کوین، ارز، سکه و طلا,"#نرخ_ارز #سکه #طلا #دلار #بیتکوین ☸️ دلار آمريکا : 1,651,400 ریال ☸️ یورو: 1,950,100 ریال ☸️ درهم آمارات: 449,980 ریال ☸️ پوند انگلیس: 2,238,300 ریال ☸️ لیر ترکیه: 37,700 ریال ☸️ فرانک سوئیس: 2,131,900 ریال ☸️ یوان چین: 241,500 ریال ☸️ ین ژ...",Turkey|UK,,,,,,,,,,,,,,rial,"{""Turkey"": 2392266.5}",,,,old,50,100,regional_market_channel,2026-02-26T12:22:20+00:00,Turkey,2392266.5,single_value,AED
aghayebazar_official,آقای بازار، نرخ لحظه ای دلار، یورو، تتر، بیت کوین، ارز، سکه و طلا,"#نرخ_ارز #سکه #طلا #دلار #بیتکوین ☸️ دلار آمريکا : 1,652,400 ریال ☸️ یورو: 1,951,600 ریال ☸️ درهم آمارات: 450,170 ریال ☸️ پوند انگلیس: 2,239,400 ریال ☸️ لیر ترکیه: 37,700 ریال ☸️ فرانک سوئیس: 2,135,200 ریال ☸️ یوان چین: 241,600 ریال ☸️ ین ژ...",Turkey|UK,,,,,,,,,,,,,,rial,"{""Turkey"": 2395939.0}",,,,old,50,100,regional_market_channel,2026-02-26T12:56:23+00:00,Turkey,2395939.0,single_value,AED
aghayebazar_official,آقای بازار، نرخ لحظه ای دلار، یورو، تتر، بیت کوین، ارز، سکه و طلا,"#نرخ_ارز #سکه #طلا #دلار #بیتکوین ☸️ دلار آمريکا : 1,653,550 ریال ☸️ یورو: 1,954,400 ریال ☸️ درهم آمارات: 450,460 ریال ☸️ پوند انگلیس: 2,243,300 ریال ☸️ لیر ترکیه: 37,700 ریال ☸️ فرانک سوئیس: 2,138,100 ریال ☸️ یوان چین: 241,800 ریال ☸️ ین ژ...",Turkey|UK,,,,,,,,,,,,,,rial,"{""Turkey"": 2400162.38}",,,,old,50,100,regional_market_channel,2026-02-26T13:26:31+00:00,Turkey,2400162.375,single_value,AED
aghayebazar_official,آقای بازار، نرخ لحظه ای دلار، یورو، تتر، بیت کوین، ارز، سکه و طلا,"#نرخ_ارز #سکه #طلا #دلار #بیتکوین ☸️ دلار آمريکا : 1,653,700 ریال ☸️ یورو: 1,954,100 ریال ☸️ درهم آمارات: 450,470 ریال ☸️ پوند انگلیس: 2,243,000 ریال ☸️ لیر ترکیه: 37,700 ریال ☸️ فرانک سوئیس: 2,138,200 ریال ☸️ یوان چین: 241,800 ریال ☸️ ین ژ...",Turkey|UK,,,,,,,,,,,,,,rial,"{""Turkey"": 2400713.25}",,,,old,50,100,regional_market_channel,2026-02-26T13:54:47+00:00,Turkey,2400713.25,single_value,AED
aghayebazar_official,آقای بازار، نرخ لحظه ای دلار، یورو، تتر، بیت کوین، ارز، سکه و طلا,"#نرخ_ارز #سکه #طلا #دلار #بیتکوین ☸️ دلار آمريکا : 1,656,600 ریال ☸️ یورو: 1,956,200 ریال ☸️ درهم آمارات: 451,260 ریال ☸️ پوند انگلیس: 2,243,200 ریال ☸️ لیر ترکیه: 37,800 ریال ☸️ فرانک سوئیس: 2,144,100 ریال ☸️ یوان چین: 242,200 ریال ☸️ ین ژ...",Turkey|UK,,,,,,,,,,,,,,rial,"{""Turkey"": 2411363.5, ""UK"": 2411363.5}",,,,old,50,100,regional_market_channel,2026-02-26T08:45:19+00:00,UK,2411363.5,single_value,AED
aghayebazar_official,آقای بازار، نرخ لحظه ای دلار، یورو، تتر، بیت کوین، ارز، سکه و طلا,"#نرخ_ارز #سکه #طلا #دلار #بیتکوین ☸️ دلار آمريکا : 1,651,450 ریال ☸️ یورو: 1,949,600 ریال ☸️ درهم آمارات: 449,940 ریال ☸️ پوند انگلیس: 2,235,800 ریال ☸️ لیر ترکیه: 37,700 ریال ☸️ فرانک سوئیس: 2,136,600 ریال ☸️ یوان چین: 241,500 ریال ☸️ ین ژ...",Turkey|UK,,,,,,,,,,,,,,rial,"{""Turkey"": 2392450.12, ""UK"": 2392450.12}",,,,old,50,100,regional_market_channel,2026-02-26T09:16:20+00:00,UK,2392450.125,single_value,AED
aghayebazar_official,آقای بازار، نرخ لحظه ای دلار، یورو، تتر، بیت کوین، ارز، سکه و طلا,"#نرخ_ارز #سکه #طلا #دلار #بیتکوین ☸️ دلار آمريکا : 1,652,300 ریال ☸️ یورو: 1,950,800 ریال ☸️ درهم آمارات: 450,210 ریال ☸️ پوند انگلیس: 2,237,000 ریال ☸️ لیر ترکیه: 37,700 ریال ☸️ فرانک سوئیس: 2,138,000 ریال ☸️ یوان چین: 241,700 ریال ☸️ ین ژ...",Turkey|UK,,,,,,,,,,,,,,rial,"{""Turkey"": 2395571.75, ""UK"": 2395571.75}",,,,old,50,100,regional_market_channel,2026-02-26T09:47:20+00:00,UK,2395571.75,single_value,AED
aghayebazar_official,آقای بازار، نرخ لحظه ای دلار، یورو، تتر، بیت کوین، ارز، سکه و طلا,"#نرخ_ارز #سکه #طلا #دلار #بیتکوین ☸️ دلار آمريکا : 1,653,700 ریال ☸️ یورو: 1,951,500 ریال ☸️ درهم آمارات: 450,480 ریال ☸️ پوند انگلیس: 2,238,800 ریال ☸️ لیر ترکیه: 37,700 ریال ☸️ فرانک سوئیس: 2,137,600 ریال ☸️ یوان چین: 241,800 ریال ☸️ ین ژ...",Turkey|UK,,,,,,,,,,,,,,rial,"{""Turkey"": 2400713.25, ""UK"": 2400713.25}",,,,old,50,100,regional_market_channel,2026-02-26T10:18:19+00:00,UK,2400713.25,single_value,AED
aghayebazar_official,آقای بازار، نرخ لحظه ای دلار، یورو، تتر، بیت کوین، ارز، سکه و طلا,"#نرخ_ارز #سکه #طلا #دلار #بیتکوین ☸️ دلار آمريکا : 1,652,700 ریال ☸️ یورو: 1,950,300 ریال ☸️ درهم آمارات: 450,250 ریال ☸️ پوند انگلیس: 2,238,600 ریال ☸️ لیر ترکیه: 37,700 ریال ☸️ فرانک سوئیس: 2,134,300 ریال ☸️ یوان چین: 241,600 ریال ☸️ ین ژ...",Turkey|UK,,,,,,,,,,,,,,rial,"{""Turkey"": 2397040.75, ""UK"": 2397040.75}",,,,old,50,100,regional_market_channel,2026-02-26T10:49:21+00:00,UK,2397040.75,single_value,AED
aghayebazar_official,آقای بازار، نرخ لحظه ای دلار، یورو، تتر، بیت کوین، ارز، سکه و طلا,"#نرخ_ارز #سکه #طلا #دلار #بیتکوین ☸️ دلار آمريکا : 1,650,300 ریال ☸️ یورو: 1,948,300 ریال ☸️ درهم آمارات: 449,640 ریال ☸️ پوند انگلیس: 2,236,100 ریال ☸️ لیر ترکیه: 37,600 ریال ☸️ فرانک سوئیس: 2,131,900 ریال ☸️ یوان چین: 241,300 ریال ☸️ ین ژ...",Turkey|UK,,,,,,,,,,,,,,rial,"{""Turkey"": 2388226.75, ""UK"": 2388226.75}",,,,old,50,100,regional_market_channel,2026-02-26T11:20:20+00:00,UK,2388226.75,single_value,AED
aghayebazar_official,آقای بازار، نرخ لحظه ای دلار، یورو، تتر، بیت کوین، ارز، سکه و طلا,"#نرخ_ارز #سکه #طلا #دلار #بیتکوین ☸️ دلار آمريکا : 1,652,400 ریال ☸️ یورو: 1,951,100 ریال ☸️ درهم آمارات: 450,200 ریال ☸️ پوند انگلیس: 2,239,400 ریال ☸️ لیر ترکیه: 37,700 ریال ☸️ فرانک سوئیس: 2,133,600 ریال ☸️ یوان چین: 241,600 ریال ☸️ ین ژ...",Turkey|UK,,,,,,,,,,,,,,rial,"{""Turkey"": 2395939.0, ""UK"": 2395939.0}",,,,old,50,100,regional_market_channel,2026-02-26T11:51:19+00:00,UK,2395939.0,single_value,AED
aghayebazar_official,آقای بازار، نرخ لحظه ای دلار، یورو، تتر، بیت کوین، ارز، سکه و طلا,"#نرخ_ارز #سکه #طلا #دلار #بیتکوین ☸️ دلار آمريکا : 1,651,400 ریال ☸️ یورو: 1,950,100 ریال ☸️ درهم آمارات: 449,980 ریال ☸️ پوند انگلیس: 2,238,300 ریال ☸️ لیر ترکیه: 37,700 ریال ☸️ فرانک سوئیس: 2,131,900 ریال ☸️ یوان چین: 241,500 ریال ☸️ ین ژ...",Turkey|UK,,,,,,,,,,,,,,rial,"{""Turkey"": 2392266.5, ""UK"": 2392266.5}",,,,old,50,100,regional_market_channel,2026-02-26T12:22:20+00:00,UK,2392266.5,single_value,AED
aghayebazar_official,آقای بازار، نرخ لحظه ای دلار، یورو، تتر، بیت کوین، ارز، سکه و طلا,"#نرخ_ارز #سکه #طلا #دلار #بیتکوین ☸️ دلار آمريکا : 1,652,400 ریال ☸️ یورو: 1,951,600 ریال ☸️ درهم آمارات: 450,170 ریال ☸️ پوند انگلیس: 2,239,400 ریال ☸️ لیر ترکیه: 37,700 ریال ☸️ فرانک سوئیس: 2,135,200 ریال ☸️ یوان چین: 241,600 ریال ☸️ ین ژ...",Turkey|UK,,,,,,,,,,,,,,rial,"{""Turkey"": 2395939.0, ""UK"": 2395939.0}",,,,old,50,100,regional_market_channel,2026-02-26T12:56:23+00:00,UK,2395939.0,single_value,AED
aghayebazar_official,آقای بازار، نرخ لحظه ای دلار، یورو، تتر، بیت کوین، ارز، سکه و طلا,"#نرخ_ارز #سکه #طلا #دلار #بیتکوین ☸️ دلار آمريکا : 1,653,550 ریال ☸️ یورو: 1,954,400 ریال ☸️ درهم آمارات: 450,460 ریال ☸️ پوند انگلیس: 2,243,300 ریال ☸️ لیر ترکیه: 37,700 ریال ☸️ فرانک سوئیس: 2,138,100 ریال ☸️ یوان چین: 241,800 ریال ☸️ ین ژ...",Turkey|UK,,,,,,,,,,,,,,rial,"{""Turkey"": 2400162.38, ""UK"": 2400162.38}",,,,old,50,100,regional_market_channel,2026-02-26T13:26:31+00:00,UK,2400162.375,single_value,AED
aghayebazar_official,آقای بازار، نرخ لحظه ای دلار، یورو، تتر، بیت کوین، ارز، سکه و طلا,"#نرخ_ارز #سکه #طلا #دلار #بیتکوین ☸️ دلار آمريکا : 1,653,700 ریال ☸️ یورو: 1,954,100 ریال ☸️ درهم آمارات: 450,470 ریال ☸️ پوند انگلیس: 2,243,000 ریال ☸️ لیر ترکیه: 37,700 ریال ☸️ فرانک سوئیس: 2,138,200 ریال ☸️ یوان چین: 241,800 ریال ☸️ ین ژ...",Turkey|UK,,,,,,,,,,,,,,rial,"{""Turkey"": 2400713.25, ""UK"": 2400713.25}",,,,old,50,100,regional_market_channel,2026-02-26T13:54:47+00:00,UK,2400713.25,single_value,AED
boonbas,بن بست بانک مرکزی صرافی ارز مجازی دلار تتر بیت کوین سکه حواله یورو خرید فروش طلا مثقال ابشده بازار جهانی بورس فارکس خودرو سهام,چارت دلار فردایی تهران تایم روزانه قیمت فعلی روی چارت ۹۰ هزار تومان حمایت ۸۹۰۰۰ و ۸۸۵۰۰ و ۸۸۰۰۰ تومان مقاومت ۹۰۵۰۰ و ۹۱۰۰۰ و ۹۱۵۰۰ تومان,Tehran,890000.00,,,,,,,,,,,,,toman,"{""Tehran"": 890000.0}",,,,old,50,100,regional_market_channel,2025-07-06T08:50:40+00:00,Tehran,890000.0,single_value,USD
boonbas,بن بست بانک مرکزی صرافی ارز مجازی دلار تتر بیت کوین سکه حواله یورو خرید فروش طلا مثقال ابشده بازار جهانی بورس فارکس خودرو سهام,چارت دلار فردایی سبزه میدان تهران تایم روزانه قیمت فعلی ۸۷۹۵۰ تومان احتمال افزایش به مقاومت ۸۸۵۰۰ و ۸۹۰۰۰ و ۸۹۵۰۰ حمایت ۸۷۵۰۰ و ۸۷۱۰۰ و ۸۶۰۰۰ تومان,Tehran,879500.00,,,,,,,,,,,,,toman,"{""Tehran"": 879500.0}",,,,old,50,100,regional_market_channel,2025-07-13T12:18:53+00:00,Tehran,879500.0,single_value,USD
turan_ex,صرافی🇹🇷توران🇮🇷ازمیر - TURAN Exchange,"هرات فردایی ⏳ 153,000 فروش 🔴
هرات فردایی ⏳ 157,500 فروش 🔴",Herat,,1530000.00,,,,,,,,,,,,toman,"{""Herat"": 1530000.0}",,153000,,stale,49,85,exchange_shop,2026-04-12T08:55:10+00:00,Herat,1530000.0,single_value,USD
kabul_dollarrate,کابل ډالر نرخونه,دټولو هیوادونو نرخونه 🔷 هر دلار 66.0 افغانی 🔷 هر دلار کانادا 48.1 افغانی 🔷 هر دلار استرالیا 44.2 افغانی 🔷 هر یورو 77.4 افغانی 🔷 هر پوند انگلیس 88.9 افغانی 🔷 هر فرانک سوییس 83افغانی 🔷 هر لیر ترکیه 1.5 افغانی 🔷 هر درهم امارات 18.0 افغانی 🔷 هر...,Iraq|Turkey|UK,,,,,,1397533.15,,,,,,,,toman,"{""Iraq"": 1397533.15}",,,,old,47,100,regional_fx_board,2026-01-04T05:31:21+00:00,Iraq,1397533.15,single_value,AED
kabul_dollarrate,کابل ډالر نرخونه,دټولو هیوادونو نرخونه 🔷 هر دلار 66.0 افغانی 🔷 هر دلار کانادا 48.1 افغانی 🔷 هر دلار استرالیا 44.2 افغانی 🔷 هر یورو 77.4 افغانی 🔷 هر پوند انگلیس 88.9 افغانی 🔷 هر فرانک سوییس 83افغانی 🔷 هر لیر ترکیه 1.5 افغانی 🔷 هر درهم امارات 18.0 افغانی 🔷 هر...,Iraq|Turkey|UK,,,,,,1397533.15,,,,,,,,toman,"{""Iraq"": 1397533.15, ""Turkey"": 1397533.15}",,,,old,47,100,regional_fx_board,2026-01-04T05:31:21+00:00,Turkey,1397533.15,single_value,AED
kabul_dollarrate,کابل ډالر نرخونه,دټولو هیوادونو نرخونه 🔷 هر دلار 66.0 افغانی 🔷 هر دلار کانادا 48.1 افغانی 🔷 هر دلار استرالیا 44.2 افغانی 🔷 هر یورو 77.4 افغانی 🔷 هر پوند انگلیس 88.9 افغانی 🔷 هر فرانک سوییس 83افغانی 🔷 هر لیر ترکیه 1.5 افغانی 🔷 هر درهم امارات 18.0 افغانی 🔷 هر...,Iraq|Turkey|UK,,,,,,1397533.15,,,,,,,,toman,"{""Iraq"": 1397533.15, ""Turkey"": 1397533.15, ""UK"": 1397533.15}",,,,old,47,100,regional_fx_board,2026-01-04T05:31:21+00:00,UK,1397533.15,single_value,AED
nerkh_uk,نرخ ارز Nerkh_Uk,". ⭕️ قیمت ارزهای آزاد | چهارشنبه 19 فروردین 1405 - 12:11 🇺🇸 دلار : 1,533,100 ریال 🇪🇺 یورو : 1,791,500 ریال 🇬🇧 پوند انگلیس : 2,060,200 ریال 🇦🇪 درهم امارات : 417,580 ریال 🇹🇷 لیر ترکیه : 34,500 ریال 🇨🇭 فرانک سوئیس : 1,946,000 ریال 🇩🇰 کرون دانم...",Iraq|Turkey|UK,,,,,,1957809.75,,,,,,,,rial,"{""Iraq"": 1957809.75}",,,,old,47,100,regional_fx_board,2026-04-08T08:51:02+00:00,Iraq,1957809.75,single_value,AED
nerkh_uk,نرخ ارز Nerkh_Uk,". ⭕️ قیمت ارزهای آزاد | چهارشنبه 19 فروردین 1405 - 12:11 🇺🇸 دلار : 1,533,100 ریال 🇪🇺 یورو : 1,791,500 ریال 🇬🇧 پوند انگلیس : 2,060,200 ریال 🇦🇪 درهم امارات : 417,580 ریال 🇹🇷 لیر ترکیه : 34,500 ریال 🇨🇭 فرانک سوئیس : 1,946,000 ریال 🇩🇰 کرون دانم...",Iraq|Turkey|UK,,,,,,1957809.75,,,,,,,,rial,"{""Iraq"": 1957809.75, ""Turkey"": 1957809.75}",,,,old,47,100,regional_fx_board,2026-04-08T08:51:02+00:00,Turkey,1957809.75,single_value,AED
nerkh_uk,نرخ ارز Nerkh_Uk,". ⭕️ قیمت ارزهای آزاد | چهارشنبه 19 فروردین 1405 - 12:11 🇺🇸 دلار : 1,533,100 ریال 🇪🇺 یورو : 1,791,500 ریال 🇬🇧 پوند انگلیس : 2,060,200 ریال 🇦🇪 درهم امارات : 417,580 ریال 🇹🇷 لیر ترکیه : 34,500 ریال 🇨🇭 فرانک سوئیس : 1,946,000 ریال 🇩🇰 کرون دانم...",Iraq|Turkey|UK,,,,,,1957809.75,,,,,,,,rial,"{""Iraq"": 1957809.75, ""Turkey"": 1957809.75, ""UK"": 1957809.75}",,,,old,47,100,regional_fx_board,2026-04-08T08:51:02+00:00,UK,1957809.75,single_value,AED
boonbas,بن بست بانک مرکزی صرافی ارز مجازی دلار تتر بیت کوین سکه حواله یورو خرید فروش طلا مثقال ابشده بازار جهانی بورس فارکس خودرو سهام,چارت دلار هرات تایم روزانه مقاومت ۸۸۰۰۰ و ۸۸۸۰۰ و ۹۰۰۰۰ تومان حمایت ۸۷۰۰۰ و ۸۶۶۰۰ و ۸۵۰۰۰۰ تومان,Herat,,880000.00,,,,,,,,,,,,toman,"{""Herat"": 880000.0}",,,,old,46,100,regional_market_channel,2025-07-10T08:41:06+00:00,Herat,880000.0,single_value,USD
boonbas,بن بست بانک مرکزی صرافی ارز مجازی دلار تتر بیت کوین سکه حواله یورو خرید فروش طلا مثقال ابشده بازار جهانی بورس فارکس خودرو سهام,چارت دلار تهران تایم روزانه مقاومت ۹۱۵۰۰ و ۹۳۰۰۰ و ۹۵۰۰۰ حمایت ۹۰۰۰۰ و ۸۹۰۰۰ و ۸۷۰۰۰,Tehran,915000.00,,,,,,,,,,,,,toman,"{""Tehran"": 915000.0}",,,,old,46,100,regional_market_channel,2025-07-05T11:19:03+00:00,Tehran,915000.0,single_value,USD
boonbas,بن بست بانک مرکزی صرافی ارز مجازی دلار تتر بیت کوین سکه حواله یورو خرید فروش طلا مثقال ابشده بازار جهانی بورس فارکس خودرو سهام,چارت دلار نقدی تهران تایم روزانه دلار ده روز گذشته در محدوده ۸۷۰۰۰ تومان حمایت و در ۹۰۰۰۰ تومان مقاومت شده حمایت ۸۸۰۰۰ و ۸۷۰۰۰ و ۸۵۵۰۰ مقاومت ۸۹۲۰۰ و ۹۰۰۰۰ و ۹۲۰۰۰ تومان,Tehran,870000.00,,,,,,,,,,,,,toman,"{""Tehran"": 870000.0}",,,,old,46,100,regional_market_channel,2025-07-17T16:27:03+00:00,Tehran,870000.0,single_value,USD
herat_channel2024,هرات افغانستان,"دلار فردایی تهران ⛳️ 83,‌‌‌‌‌‌‌‌000 خـرید 🔵 دلار فردایی تهران ⛳️ 83,050 فروش 🔴 دلار فردایی تهران ⛳️ 83,‌‌‌000 معامله ✅",Tehran,830500.00,,,,,,,,,,,,,toman,"{""Tehran"": 830500.0}",,83050,,old,45,65,aggregator,2025-01-22T16:52:33+00:00,Tehran,830500.0,single_value,USD
pargarexchangegroup,Exchange USD/EUR/IRR,صد نفر کد تخفیف ۷۰٪ تمام شد صد و پنجاه نفر کد تخفیف ۶۰٪ تمام شد ۲۵۰ تا ثبت نام در کمتر از ۱۸ ساعت انجام شد، چرا؟ چون شماها خیلی باهوشید ، چون میدونید ارزش سه سال (حتی زرنگ باشین دو سال) شهروندی یک کشور خوشگل، آزاد، امن، مردمان خونگرم که کال...,Turkey,,,,,,,,,,,,,,toman,"{""Turkey"": 1666820.0}",,,,old,45,100,regional_fx_board,2025-10-28T13:53:45+00:00,Turkey,1666820.0,single_value,USD
lubrinol,lubrinol,🗓 ۱۴۰۰/۰۶/۰۲ ۱۱:۱۰ دلار در تهران : ۲۷.۸۳۰ 🇺🇸 🔺 دلار در هرات : ۲۷.۵۶۰ 🇺🇸 🔺 دلار در صرافی ملی : ۲۶.۸۶۲ 🇺🇸 ➖ دلار در سامانه نیما : ۲۲.۹۰۷ 🇺🇸 🔻 تتر : ۲۸.۱۰۰ 🇺🇸 🔺 یورو اتحادیه اروپا : ۳۲.۲۰۰ 🇪🇺 🔺 پوند انگلیس : ۳۷.۴۰۰ 🏴󠁧󠁢󠁥󠁮󠁧󠁿 🔺 درهم امارات : ۷.۵۶...,Herat|Iraq|Tehran|Turkey|UK,1824277.65,1824277.65,,,,,,,,,,,,toman,"{""Herat"": 1824277.65, ""Tehran"": 1824277.65}",,,,old,44,100,regional_market_channel,2021-08-24T07:17:28+00:00,Herat,1824277.65,single_value,AED
lubrinol,lubrinol,🗓 ۱۴۰۰/۰۶/۰۲ ۱۱:۱۰ دلار در تهران : ۲۷.۸۳۰ 🇺🇸 🔺 دلار در هرات : ۲۷.۵۶۰ 🇺🇸 🔺 دلار در صرافی ملی : ۲۶.۸۶۲ 🇺🇸 ➖ دلار در سامانه نیما : ۲۲.۹۰۷ 🇺🇸 🔻 تتر : ۲۸.۱۰۰ 🇺🇸 🔺 یورو اتحادیه اروپا : ۳۲.۲۰۰ 🇪🇺 🔺 پوند انگلیس : ۳۷.۴۰۰ 🏴󠁧󠁢󠁥󠁮󠁧󠁿 🔺 درهم امارات : ۷.۵۶...,Herat|Iraq|Tehran|Turkey|UK,1824277.65,1824277.65,,,,1824277.65,,,,,,,,toman,"{""Herat"": 1824277.65, ""Iraq"": 1824277.65, ""Tehran"": 1824277.65}",,,,old,44,100,regional_market_channel,2021-08-24T07:17:28+00:00,Iraq,1824277.65,single_value,AED
lubrinol,lubrinol,🗓 ۱۴۰۰/۰۶/۰۲ ۱۱:۱۰ دلار در تهران : ۲۷.۸۳۰ 🇺🇸 🔺 دلار در هرات : ۲۷.۵۶۰ 🇺🇸 🔺 دلار در صرافی ملی : ۲۶.۸۶۲ 🇺🇸 ➖ دلار در سامانه نیما : ۲۲.۹۰۷ 🇺🇸 🔻 تتر : ۲۸.۱۰۰ 🇺🇸 🔺 یورو اتحادیه اروپا : ۳۲.۲۰۰ 🇪🇺 🔺 پوند انگلیس : ۳۷.۴۰۰ 🏴󠁧󠁢󠁥󠁮󠁧󠁿 🔺 درهم امارات : ۷.۵۶...,Herat|Iraq|Tehran|Turkey|UK,1824277.65,,,,,,,,,,,,,toman,"{""Tehran"": 1824277.65}",,,,old,44,100,regional_market_channel,2021-08-24T07:17:28+00:00,Tehran,1824277.65,single_value,AED
lubrinol,lubrinol,🗓 ۱۴۰۰/۰۶/۰۲ ۱۱:۱۰ دلار در تهران : ۲۷.۸۳۰ 🇺🇸 🔺 دلار در هرات : ۲۷.۵۶۰ 🇺🇸 🔺 دلار در صرافی ملی : ۲۶.۸۶۲ 🇺🇸 ➖ دلار در سامانه نیما : ۲۲.۹۰۷ 🇺🇸 🔻 تتر : ۲۸.۱۰۰ 🇺🇸 🔺 یورو اتحادیه اروپا : ۳۲.۲۰۰ 🇪🇺 🔺 پوند انگلیس : ۳۷.۴۰۰ 🏴󠁧󠁢󠁥󠁮󠁧󠁿 🔺 درهم امارات : ۷.۵۶...,Herat|Iraq|Tehran|Turkey|UK,1824277.65,1824277.65,,,,1824277.65,,,,,,,,toman,"{""Herat"": 1824277.65, ""Iraq"": 1824277.65, ""Tehran"": 1824277.65, ""Turkey"": 1824277.65}",,,,old,44,100,regional_market_channel,2021-08-24T07:17:28+00:00,Turkey,1824277.65,single_value,AED
lubrinol,lubrinol,🗓 ۱۴۰۰/۰۶/۰۲ ۱۱:۱۰ دلار در تهران : ۲۷.۸۳۰ 🇺🇸 🔺 دلار در هرات : ۲۷.۵۶۰ 🇺🇸 🔺 دلار در صرافی ملی : ۲۶.۸۶۲ 🇺🇸 ➖ دلار در سامانه نیما : ۲۲.۹۰۷ 🇺🇸 🔻 تتر : ۲۸.۱۰۰ 🇺🇸 🔺 یورو اتحادیه اروپا : ۳۲.۲۰۰ 🇪🇺 🔺 پوند انگلیس : ۳۷.۴۰۰ 🏴󠁧󠁢󠁥󠁮󠁧󠁿 🔺 درهم امارات : ۷.۵۶...,Herat|Iraq|Tehran|Turkey|UK,1824277.65,1824277.65,,,,1824277.65,,,,,,,,toman,"{""Herat"": 1824277.65, ""Iraq"": 1824277.65, ""Tehran"": 1824277.65, ""Turkey"": 1824277.65, ""UK"": 1824277.65}",,,,old,44,100,regional_market_channel,2021-08-24T07:17:28+00:00,UK,1824277.65,single_value,AED
lubrinol,lubrinol,🗓 1400/04/10 23:40 نرخ های پایان امروز : دلار #آزاد در تهران : 25.100 🇺🇸 ➖ یورو اتحادیه اروپا : 29.750 🇪🇺 ➖ پوند انگلیس : 34.350 🏴󠁧󠁢󠁥󠁮󠁧󠁿 🔺 درهم امارات : 6.850 🇦🇪 ➖ 🥇 سکه نقدی/امامی : 10.725.000 🔻 🥇 نیم سکه : 5.750.000 ➖ 🥇 ربع سکه : 3.700.00...,Tehran|UK,1220445.20,,,,,,,,,,,,,toman,"{""Tehran"": 1220445.2}",,,,old,43,100,regional_market_channel,2021-07-02T04:37:13+00:00,Tehran,1220445.2,single_value,AED
lubrinol,lubrinol,🗓 1400/04/10 23:40 نرخ های پایان امروز : دلار #آزاد در تهران : 25.100 🇺🇸 ➖ یورو اتحادیه اروپا : 29.750 🇪🇺 ➖ پوند انگلیس : 34.350 🏴󠁧󠁢󠁥󠁮󠁧󠁿 🔺 درهم امارات : 6.850 🇦🇪 ➖ 🥇 سکه نقدی/امامی : 10.725.000 🔻 🥇 نیم سکه : 5.750.000 ➖ 🥇 ربع سکه : 3.700.00...,Tehran|UK,1220445.20,,,,,,,,,,,,,toman,"{""Tehran"": 1220445.2, ""UK"": 1220445.2}",,,,old,43,100,regional_market_channel,2021-07-02T04:37:13+00:00,UK,1220445.2,single_value,AED
iranianerbil2,ایرانیان اربیل,"صدور اقامت یکساله اربیل 🎖 🎖 اقامت یکساله اولی ها 🎖 🎖 (هزینه اداره اقامت+هزینه بیمه تندرستی+هزینه پست) 🥇 🥇 🥇 🥇 🥇 🥇 🥇 🎖 تمدیدی یکساله و شش ماهه (هزینه اداره اقامت+هزینه بیمه تندرستی+هزینه پست) 🥇 🥇 🥇 🥇 🥇 🥇 🥇 هزینه آزمایش خون نیز 85,000 دینار م...",Erbil|Iraq,,,,850000.00,,,,,,,,,,toman,"{""Erbil"": 850000.0}",,,,old,42,80,exchange_shop,2026-02-16T18:24:24+00:00,Erbil,850000.0,single_value,USD
iranianerbil2,ایرانیان اربیل,"صدور اقامت یکساله اربیل 🎖 🎖 اقامت یکساله اولی ها 🎖 🎖 (هزینه اداره اقامت+هزینه بیمه تندرستی+هزینه پست) 🥇 🥇 🥇 🥇 🥇 🥇 🥇 🎖 تمدیدی یکساله و شش ماهه (هزینه اداره اقامت+هزینه بیمه تندرستی+هزینه پست) 🥇 🥇 🥇 🥇 🥇 🥇 🥇 هزینه آزمایش خون نیز 85,000 دینار م...",Erbil|Iraq,,,,850000.00,,850000.00,,,,,,,,toman,"{""Erbil"": 850000.0, ""Iraq"": 850000.0}",,,,old,42,80,exchange_shop,2026-02-16T18:24:24+00:00,Iraq,850000.0,single_value,USD
iranianerbil2,ایرانیان اربیل,⭕️ آگهی استخدام استاد کار رویه کوب مبل ♦️ عنوان کار : استادکار رویه کوب مبل ♦️ حقوق ماهیانه : ۶۰۰ الی ۱۰۰۰ دلار ( بستگی به کار طرف داره) ♦️ محل کار : اربیل ♦️ جای خواب واحد مسکونی هست و سه وعده غذایی هم دارن ♦️ حقوق ۱۵هم به ۱۵ هم تسویه میشو...,Erbil,,,,948130.00,,,,,,,,,,toman,"{""Erbil"": 948130.0}",,,,old,38,80,exchange_shop,2026-02-24T15:39:05+00:00,Erbil,948130.0,single_value,USD
iranianerbil2,ایرانیان اربیل,⭕️ آگهی استخدام ♦️ عنوان کار : کاشی کار ♦️ حقوق ماهیانه : دیوار متری ۴ دلار و بدنه متری ۳ دلار ♦️ محل کار : سلیمانیه ♦️ جای خواب و وعده غذایی دارد 🎖 موسسه مشاوره شغلی و کاریابی غیر دولتی خارجی الوان 📌 با مجوز رسمی شماره ثبت 94813 ➡️ 0918013...,Sulaymaniyah,,,948130.00,,,,,,,,,,,toman,"{""Sulaymaniyah"": 948130.0}",,,,old,38,80,exchange_shop,2026-02-24T15:50:10+00:00,Sulaymaniyah,948130.0,single_value,USD
