business_name,primary_surface_used,usd_irr_quote_detected,aed_irr_quote_detected,remittance_quote_detected,repeated_quote_signal,freshness_status,parseability_score,reliability_score,basket_use_status,usable_record_count,numeric_quote_count,top_signal_sample
UAE squeezes Iranian economic lifeline in retaliation for attacks,website:https://scmp.com/week-asia/economics/article/3348996/uae-squeezes-iranian-economic-lifeline-retaliation-attacks,True,False,True,False,fresh,98,92,monitor_only,1,1,.css-bpti8g{display:-webkit-box;display:-webkit-flex;display:-ms-flexbox;display:flex;-webkit-box-pack:end;-ms-flex-pack:end;-webkit-justify-content:flex-end;justify-content:flex-end;-webkit-align-items:center;-webkit-box-align:center;-ms-f...
Remittance – Al Razouki International Exchange,website:https://alrazoukiexchange.com/remittance,True,False,True,False,fresh,90,88,monitor_only,1,1,Menu Home About Us Our Services Remittance Credit Card Payments Payment Of Wages / Wps Special Services News & Events Promotions Locate Branch Enquiry Contact Us English English العربية /*! elementor - v3.22.0 - 26-06-2024 */ .elementor-hea...
بهترین صرافی ایرانی در دبی؛ تبدیل ارز با نرخ واقعی و خدمات مطمئن,rate_page:https://sarafexchange.com/,True,True,True,True,stale,70,86,stale,3,3,"صراف اکسچنج - ارائه خدمات ارز، سکه و حوالجات با بهترین قیمت {""@context"":""https://schema.org"",""@graph"":[{""@type"":""WebPage"",""@id"":""https://sarafexchange.com/"",""url"":""https://sarafexchange.com/"",""name"":""صراف اکسچنج - ارائه خدمات ارز، سکه و حوا..."
"های امارت| صرافی ایرانی در دبی, نرخ لحظه ای درهم، طلا و نقره",website:https://hiemarat.com/,True,True,True,True,stale,62,76,stale,2,2,های امارات صرافی ایرانی نرخ لحظه ای درهم و قیمت نقره و طلا در دبی نرخ لحظه ای درهم امارت در صرافی دبی به روز رسانی: چهارشنبه 19 فروردین 1405 ساعت 13:42 درهم امروز صرافی دبی : 43000 محاسبه گر قیمت فروش ارز: درهم امارات افغانی یوان چین یورو ر...
انتقال پول از دبی امارات به ایران با کمترین کارمزد در 1404 - سهل پرداخت,website:https://sahlpardakht.com/%D8%B1%D9%88%D8%B4-%D8%A7%D9%86%D8%AA%D9%82%D8%A7%D9%84-%D9%88%D8%A7%D8%B1%DB%8C%D8%B2-%D9%BE%D9%88%D9%84-%D8%AD%D9%88%D8%A7%D9%84%D9%87-%D8%A7%D8%B1%D8%B2%DB%8C-%D8%AF%D8%B1%D9%87%D9%85-%D8%AF%D9%84,True,False,True,True,stale,71,74,stale,2,2,انتقال پول از دبی امارات به ایران با کمترین کارمزد در 1404 Post author: Administrator Post published: 23/12/2025 Post category: Uncategorized انتقال پول از دبی و امارات به ایران یا حواله درهم در سال 1404 با کمترین کارمزد یکی از نیازهای اساس...
انتقال پول از دبی به ایران,website:https://farakonesh.org/currency-remittance/transfer-money-iran/dubai,False,True,True,False,stale,70,52,stale,1,1,فراکنش » حواله ارزی » انتقال پول به ایران » انتقال پول از دبی به ایران /*! elementor - v3.23.0 - 25-07-2024 */ .elementor-widget-image-box .elementor-image-box-content{width:100%}@media (min-width:768px){.elementor-widget-image-box.elemento...
در سفر به دبی از این صرافی های معتبر ارز بخرید!,website:https://eligasht.com/Blog/travelguide/%D8%B5%D8%B1%D8%A7%D9%81%DB%8C-%D9%87%D8%A7%DB%8C-%D8%AF%D8%A8%DB%8C,False,False,True,False,recent,76,60,no_usable_signal,0,0,
"Any future settlement with Iran must address missile programme, UAE official says",website:https://thenationalnews.com/news/mena/2026/03/09/any-future-settlement-with-iran-must-address-missile-programme-uae-official-says,False,False,True,False,recent,50,48,no_usable_signal,0,0,
How to move an Iranian business to Dubai?,website:https://kwsme.com/blog/iranian-business-to-dubai,False,False,True,False,recent,42,45,no_usable_signal,0,0,
Iran War Business Impact in the UAE,website:https://rubertpartners.com/iran-war-business-impact,False,False,True,False,recent,38,43,no_usable_signal,0,0,
قیمت حواله درهم امارات (دبی),website:https://javadix.com/aed,False,False,True,False,stale,76,42,no_usable_signal,0,0,
UAE Dirham to Iranian Rial exchange rate - AED to IRR currency converter,website:https://moneyexchangerate.org/currencyexchange/aed/irr,False,False,True,False,unknown,48,38,no_usable_signal,0,0,
ارسال پول به ایران در سریع‌ترین زمان,website:https://kiyanexchange.com/service/send-money-to-iran,False,False,True,False,unknown,50,38,no_usable_signal,0,0,
صرافی دبی,website:https://sarafyhafez.com/dubai-exchange,False,False,True,False,stale,64,37,no_usable_signal,0,0,
Easy Online Money Transfer from the UAE - Al Ansari Exchange,website:https://alansariexchange.com/,False,False,False,False,recent,38,35,no_usable_signal,0,0,
صرافی ایرانی در دبی – درهم، تتر، ارز دیجیتال – مهر 1404 – اقامت آسان با شاتو,website:https://shato.org/%D8%B5%D8%B1%D8%A7%D9%81%DB%8C-%D8%A7%DB%8C%D8%B1%D8%A7%D9%86%DB%8C-%D8%AF%D8%A8%DB%8C,False,False,True,False,unknown,42,35,no_usable_signal,0,0,
ارسال حواله به دبی,website:https://sarafibahmani.com/blog/%D8%A7%D8%B1%D8%B3%D8%A7%D9%84-%D8%AD%D9%88%D8%A7%D9%84%D9%87-%D8%A8%D9%87-%D8%AF%D8%A8%DB%8C,False,False,True,False,stale,46,29,no_usable_signal,0,0,
"For Dubai, the economic impact of the Iran war goes beyond oil. Here's what to know",website:https://cnbc.com/video/2026/04/10/the-iran-war-could-impact-dubais-economy.html,False,False,True,False,unknown,26,28,no_usable_signal,0,0,
Which Dubai exchange offices Accept Iranian Rial (IRR)?,website:https://sayamag.com/dubai-exchanges,False,False,True,False,unknown,24,27,no_usable_signal,0,0,
صرافی ایرانی در دبی با کمترین کارمزد - اکس امیرتس,website:https://exemirates.ae/%D8%B5%D8%B1%D8%A7%D9%81%DB%8C-%D8%A7%DB%8C%D8%B1%D8%A7%D9%86%DB%8C-%D8%AF%D8%B1-%D8%AF%D8%A8%DB%8C,False,False,True,False,stale,38,25,no_usable_signal,0,0,
صرافی ایرانی رز (RZ) در دبی - Dubiati,website:https://dubiati.com/business/rz-exchange-in-dubai,False,False,True,False,stale,38,25,no_usable_signal,0,0,
چنج پول در دبی 2026,website:https://dxboffplan.com/fa/currency-exchange-in-dubai,False,False,True,False,stale,38,25,no_usable_signal,0,0,
‘Not party to this war’: UAE position on Iranian attacks explained in 9 points,website:https://khaleejtimes.com/uae/iran-attacks-uae-not-part-of-war-calls-for-dialogue-position-explained-in-9-points,False,False,True,False,unknown,18,24,no_usable_signal,0,0,
Deniba International Exchange,website:https://denibaexchange.com/,False,False,False,False,unknown,30,22,no_usable_signal,0,0,
Index Exchange,website:https://indexexchange.ae/,False,False,False,False,unknown,30,22,no_usable_signal,0,0,
Live Dubai Gold price & Gold rate in UAE Today,website:https://gulfnews.com/gold-forex,False,False,False,False,unknown,30,22,no_usable_signal,0,0,
حواله درهم امارات (واریز آنی + تحویل نقدی) 🇦🇪,website:https://emeraldxe.com/service/%D8%AD%D9%88%D8%A7%D9%84%D9%87-%D8%A8%D9%87-%D8%A7%D9%85%D8%A7%D8%B1%D8%A7%D8%AA,False,False,True,False,stale,32,22,no_usable_signal,0,0,
"UAE Closely Following Ceasefire Announcement, Affirms Importance of Iran’s Adherence to Cessation of Terrorist Attacks, and Ensuring Freedom of Navigation",website:https://mofa.gov.ae/en/mediahub/news/2026/4/8/uae-iran,False,False,True,False,unknown,10,20,no_usable_signal,0,0,
"AL AHALIA EXCHANGE – Best Rate , Best Service",website:https://ahaliaexchange.com/,False,False,False,False,stale,42,19,no_usable_signal,0,0,
5 Best Ways to Send Money to Iran from UAE,website:https://en.sarafi-havale.com/5-best-ways-to-send-money-to-iran-from-uae-fast-secure,False,False,True,False,stale,20,17,no_usable_signal,0,0,
حواله به دبی با بهترین نرخ ارسال پول به دبی از ایران,website:https://sarafihelp.com/remittance-to-dubai,False,False,True,False,stale,20,17,no_usable_signal,0,0,
Home,website:https://darexchange.com/,False,False,False,False,unknown,18,16,no_usable_signal,0,0,
